Database,Keyword,Seed keyword,Page,Topic,Page type,Tags,Volume,Keyword Difficulty,CPC (USD),Competitive Density,Number of Results,Intent,SERP Features,Trend,Click potential,Content references,Competitors
br,bermuda natação masculina,roupa de natação masculino,bermuda natação masculina,bermudas e shorts de neoprene,Sub page,,1000,11,0.00,0.00,0,Commercial,"Image Pack, People Also Ask, Site Links, Video, Image, Popular Products, Related Searches","0.68,0.84,0.84,0.68,0.46,0.46,0.31,0.31,0.52,0.46,0.46,0.46",,"""arenawaterinstinct.com.br"":""https://www.arenawaterinstinct.com.br/masculino""
""speedo.com.br"":""https://www.speedo.com.br/masculino/bermudas""
""fabiolamolina.com.br"":""https://www.fabiolamolina.com.br/loja/moda-esportiva/masculino/bermudas""
""mormaiishop.com.br"":""https://www.mormaiishop.com.br/bermuda-de-natacao-masculina-mormaii-31312279/p""
""netshoes.com.br"":""https://www.netshoes.com.br/busca/bermuda-natacao""
""medinas.com.br"":""https://www.medinas.com.br/roupa-natacao-masculina/bermuda-de-natacao""
""websurfshop.com.br"":""https://www.websurfshop.com.br/bermuda-natacao-masculina-elastano-premium-preto-wss-natacao""
""hammerhead.com.br"":""https://www.hammerhead.com.br/masculino/roupas-para-natacao""
""centauro.com.br"":""https://www.centauro.com.br/nav/produto/bermuda/esportes/natacao""
""lista.mercadolivre.com.br"":""https://lista.mercadolivre.com.br/bermuda-nata%C3%A7%C3%A3o""","""netshoes.com.br"":""https://www.netshoes.com.br/busca/bermuda-natacao""
""medinas.com.br"":""https://www.medinas.com.br/roupa-natacao-masculina/bermuda-de-natacao""
""fabiolamolina.com.br"":""https://www.fabiolamolina.com.br/loja/moda-esportiva/masculino/bermudas""
""arenawaterinstinct.com.br"":""https://www.arenawaterinstinct.com.br/masculino""
""mormaiishop.com.br"":""https://www.mormaiishop.com.br/bermuda-de-natacao-masculina-mormaii-31312279/p""
""centauro.com.br"":""https://www.centauro.com.br/nav/produto/bermuda/esportes/natacao""
""speedo.com.br"":""https://www.speedo.com.br/masculino/bermudas""
""lista.mercadolivre.com.br"":""https://lista.mercadolivre.com.br/bermuda-nata%C3%A7%C3%A3o""
""siker.esp.br"":""https://www.siker.esp.br/masculino/natacao/bermuda-natacao-skr""
""websurfshop.com.br"":""https://www.websurfshop.com.br/bermuda-natacao-masculina-elastano-premium-preto-wss-natacao"""
br,bermuda natação,roupa de natação masculino,bermuda natação masculina,bermudas e shorts de neoprene,Sub page,,1000,12,0.00,0.00,0,Commercial,"Image Pack, People Also Ask, Site Links, Video, Image, Popular Products, Related Searches","0.52,0.84,0.68,0.68,0.46,0.37,0.37,0.37,0.52,0.68,0.68,0.46",,"""arenawaterinstinct.com.br"":""https://www.arenawaterinstinct.com.br/masculino""
""speedo.com.br"":""https://www.speedo.com.br/masculino/bermudas""
""fabiolamolina.com.br"":""https://www.fabiolamolina.com.br/loja/moda-esportiva/masculino/bermudas""
""mormaiishop.com.br"":""https://www.mormaiishop.com.br/bermuda-de-natacao-masculina-mormaii-31312279/p""
""netshoes.com.br"":""https://www.netshoes.com.br/busca/bermuda-natacao""
""medinas.com.br"":""https://www.medinas.com.br/roupa-natacao-masculina/bermuda-de-natacao""
""websurfshop.com.br"":""https://www.websurfshop.com.br/bermuda-natacao-masculina-elastano-premium-preto-wss-natacao""
""hammerhead.com.br"":""https://www.hammerhead.com.br/masculino/roupas-para-natacao""
""centauro.com.br"":""https://www.centauro.com.br/nav/produto/bermuda/esportes/natacao""
""lista.mercadolivre.com.br"":""https://lista.mercadolivre.com.br/bermuda-nata%C3%A7%C3%A3o""","""centauro.com.br"":""https://www.centauro.com.br/nav/produto/bermuda/esportes/natacao""
""medinas.com.br"":""https://www.medinas.com.br/roupa-natacao-masculina/bermuda-de-natacao""
""hammerhead.com.br"":""https://www.hammerhead.com.br/masculino/roupas-para-natacao""
""netshoes.com.br"":""https://www.netshoes.com.br/busca/bermuda-natacao""
""fabiolamolina.com.br"":""https://www.fabiolamolina.com.br/loja/moda-esportiva/masculino/bermudas""
""arenawaterinstinct.com.br"":""https://www.arenawaterinstinct.com.br/masculino""
""lista.mercadolivre.com.br"":""https://lista.mercadolivre.com.br/bermuda-nata%C3%A7%C3%A3o""
""siker.esp.br"":""https://www.siker.esp.br/masculino/natacao/bermuda-natacao-skr""
""speedo.com.br"":""https://www.speedo.com.br/masculino/bermudas""
""mormaiishop.com.br"":""https://www.mormaiishop.com.br/bermuda-de-natacao-masculina-mormaii-31312279/p"""
br,bermuda para natação,roupa de natação masculino,bermuda natação masculina,bermudas e shorts de neoprene,Sub page,,880,11,0.00,0.00,0,"Informational, Commercial","Image Pack, People Also Ask, Site Links, Video, Image, Popular Products, Related Searches","0.37,0.31,0.52,0.68,0.37,0.46,0.37,0.31,0.31,0.68,0.37,0.52",,"""arenawaterinstinct.com.br"":""https://www.arenawaterinstinct.com.br/masculino""
""speedo.com.br"":""https://www.speedo.com.br/masculino/bermudas""
""fabiolamolina.com.br"":""https://www.fabiolamolina.com.br/loja/moda-esportiva/masculino/bermudas""
""mormaiishop.com.br"":""https://www.mormaiishop.com.br/bermuda-de-natacao-masculina-mormaii-31312279/p""
""netshoes.com.br"":""https://www.netshoes.com.br/busca/bermuda-natacao""
""medinas.com.br"":""https://www.medinas.com.br/roupa-natacao-masculina/bermuda-de-natacao""
""websurfshop.com.br"":""https://www.websurfshop.com.br/bermuda-natacao-masculina-elastano-premium-preto-wss-natacao""
""hammerhead.com.br"":""https://www.hammerhead.com.br/masculino/roupas-para-natacao""
""centauro.com.br"":""https://www.centauro.com.br/nav/produto/bermuda/esportes/natacao""
""lista.mercadolivre.com.br"":""https://lista.mercadolivre.com.br/bermuda-nata%C3%A7%C3%A3o""","""fabiolamolina.com.br"":""https://www.fabiolamolina.com.br/loja/moda-esportiva/masculino/bermudas""
""netshoes.com.br"":""https://www.netshoes.com.br/busca/bermuda-natacao""
""medinas.com.br"":""https://www.medinas.com.br/roupa-natacao-masculina/bermuda-de-natacao/bermuda-natacao-competicao""
""siker.esp.br"":""https://www.siker.esp.br/masculino/natacao/bermuda-natacao-skr""
""websurfshop.com.br"":""https://www.websurfshop.com.br/bermuda-natacao-masculina-elastano-premium-preto-wss-natacao""
""centauro.com.br"":""https://www.centauro.com.br/busca/bermuda-natacao""
""lista.mercadolivre.com.br"":""https://lista.mercadolivre.com.br/bermuda-nata%C3%A7%C3%A3o""
""speedo.com.br"":""https://www.speedo.com.br/masculino/bermudas""
""mormaiishop.com.br"":""https://www.mormaiishop.com.br/bermuda-de-natacao-masculina-mormaii-31312279/p""
""arenawaterinstinct.com.br"":""https://www.arenawaterinstinct.com.br/masculino"""
br,short natação masculino,roupa de natação masculino,bermuda natação masculina,bermudas e shorts de neoprene,Sub page,,720,9,0.00,0.00,0,"Informational, Commercial","Image Pack, Site Links, Video, Image, Popular Products, Related Searches","0.67,1.00,0.67,0.45,0.67,0.45,0.76,0.45,0.36,0.30,0.36,0.45",,"""arenawaterinstinct.com.br"":""https://www.arenawaterinstinct.com.br/masculino""
""speedo.com.br"":""https://www.speedo.com.br/masculino/bermudas""
""fabiolamolina.com.br"":""https://www.fabiolamolina.com.br/loja/moda-esportiva/masculino/bermudas""
""mormaiishop.com.br"":""https://www.mormaiishop.com.br/bermuda-de-natacao-masculina-mormaii-31312279/p""
""netshoes.com.br"":""https://www.netshoes.com.br/busca/bermuda-natacao""
""medinas.com.br"":""https://www.medinas.com.br/roupa-natacao-masculina/bermuda-de-natacao""
""websurfshop.com.br"":""https://www.websurfshop.com.br/bermuda-natacao-masculina-elastano-premium-preto-wss-natacao""
""hammerhead.com.br"":""https://www.hammerhead.com.br/masculino/roupas-para-natacao""
""centauro.com.br"":""https://www.centauro.com.br/nav/produto/bermuda/esportes/natacao""
""lista.mercadolivre.com.br"":""https://lista.mercadolivre.com.br/bermuda-nata%C3%A7%C3%A3o""","""centauro.com.br"":""https://www.centauro.com.br/nav/produto/bermuda/esportes/natacao""
""arenawaterinstinct.com.br"":""https://www.arenawaterinstinct.com.br/masculino""
""netshoes.com.br"":""https://www.netshoes.com.br/busca/bermuda-masculino-natacao""
""speedo.com.br"":""https://www.speedo.com.br/masculino/bermudas""
""websurfshop.com.br"":""https://www.websurfshop.com.br/bermuda-natacao-masculina-elastano-premium-preto-wss-natacao""
""adidas.com.br"":""https://www.adidas.com.br/homem-natacao""
""tf.com.br"":""https://www.tf.com.br/natacao-masculino""
""fabiolamolina.com.br"":""https://www.fabiolamolina.com.br/loja/moda-esportiva/masculino/bermudas""
""medinas.com.br"":""https://www.medinas.com.br/roupa-natacao-masculina/bermuda-de-natacao""
""mormaiishop.com.br"":""https://www.mormaiishop.com.br/bermuda-de-natacao-masculina-mormaii-31312279/p"""
br,bermuda para natação masculina,roupa de natação masculino,bermuda natação masculina,bermudas e shorts de neoprene,Sub page,,720,10,0.00,0.00,0,Commercial,"Image Pack, People Also Ask, Site Links, Video, Image, Popular Products, Related Searches","0.24,0.36,0.66,0.36,0.24,0.24,0.16,0.20,0.30,0.30,0.41,0.24",,"""arenawaterinstinct.com.br"":""https://www.arenawaterinstinct.com.br/masculino""
""speedo.com.br"":""https://www.speedo.com.br/masculino/bermudas""
""fabiolamolina.com.br"":""https://www.fabiolamolina.com.br/loja/moda-esportiva/masculino/bermudas""
""mormaiishop.com.br"":""https://www.mormaiishop.com.br/bermuda-de-natacao-masculina-mormaii-31312279/p""
""netshoes.com.br"":""https://www.netshoes.com.br/busca/bermuda-natacao""
""medinas.com.br"":""https://www.medinas.com.br/roupa-natacao-masculina/bermuda-de-natacao""
""websurfshop.com.br"":""https://www.websurfshop.com.br/bermuda-natacao-masculina-elastano-premium-preto-wss-natacao""
""hammerhead.com.br"":""https://www.hammerhead.com.br/masculino/roupas-para-natacao""
""centauro.com.br"":""https://www.centauro.com.br/nav/produto/bermuda/esportes/natacao""
""lista.mercadolivre.com.br"":""https://lista.mercadolivre.com.br/bermuda-nata%C3%A7%C3%A3o""","""medinas.com.br"":""https://www.medinas.com.br/roupa-natacao-masculina/bermuda-de-natacao""
""fabiolamolina.com.br"":""https://www.fabiolamolina.com.br/loja/moda-esportiva/masculino/bermudas""
""netshoes.com.br"":""https://www.netshoes.com.br/busca/bermuda-natacao""
""arenawaterinstinct.com.br"":""https://www.arenawaterinstinct.com.br/masculino""
""lista.mercadolivre.com.br"":""https://lista.mercadolivre.com.br/bermuda-nata%C3%A7%C3%A3o""
""centauro.com.br"":""https://www.centauro.com.br/nav/produto/bermuda/esportes/natacao""
""speedo.com.br"":""https://www.speedo.com.br/masculino/bermudas""
""mormaiishop.com.br"":""https://www.mormaiishop.com.br/bermuda-de-natacao-masculina-mormaii-31312279/p""
""siker.esp.br"":""https://www.siker.esp.br/masculino/natacao/bermuda-natacao-skr""
""websurfshop.com.br"":""https://www.websurfshop.com.br/bermuda-natacao-masculina-elastano-premium-preto-wss-natacao"""
br,short de natação,roupa de natação masculino,bermuda natação masculina,bermudas e shorts de neoprene,Sub page,,720,10,0.00,0.00,0,Informational,"Image Pack, People Also Ask, Site Links, Video, Image, Popular Products, Related Searches","0.55,0.24,0.55,0.55,1.00,0.45,0.45,0.30,0.30,0.67,0.45,0.55",,"""arenawaterinstinct.com.br"":""https://www.arenawaterinstinct.com.br/masculino""
""speedo.com.br"":""https://www.speedo.com.br/masculino/bermudas""
""fabiolamolina.com.br"":""https://www.fabiolamolina.com.br/loja/moda-esportiva/masculino/bermudas""
""mormaiishop.com.br"":""https://www.mormaiishop.com.br/bermuda-de-natacao-masculina-mormaii-31312279/p""
""netshoes.com.br"":""https://www.netshoes.com.br/busca/bermuda-natacao""
""medinas.com.br"":""https://www.medinas.com.br/roupa-natacao-masculina/bermuda-de-natacao""
""websurfshop.com.br"":""https://www.websurfshop.com.br/bermuda-natacao-masculina-elastano-premium-preto-wss-natacao""
""hammerhead.com.br"":""https://www.hammerhead.com.br/masculino/roupas-para-natacao""
""centauro.com.br"":""https://www.centauro.com.br/nav/produto/bermuda/esportes/natacao""
""lista.mercadolivre.com.br"":""https://lista.mercadolivre.com.br/bermuda-nata%C3%A7%C3%A3o""","""fabiolamolina.com.br"":""https://www.fabiolamolina.com.br/loja/moda-esportiva/masculino/bermudas""
""arenawaterinstinct.com.br"":""https://www.arenawaterinstinct.com.br/masculino""
""netshoes.com.br"":""https://www.netshoes.com.br/busca/bermuda-natacao""
""medinas.com.br"":""https://www.medinas.com.br/roupa-natacao-masculina/bermuda-de-natacao""
""lista.mercadolivre.com.br"":""https://lista.mercadolivre.com.br/short-de-natacao""
""speedo.com.br"":""https://www.speedo.com.br/masculino/bermudas""
""hammerhead.com.br"":""https://www.hammerhead.com.br/masculino/roupas-para-natacao""
""websurfshop.com.br"":""https://www.websurfshop.com.br/bermuda-natacao-masculina-elastano-premium-preto-wss-natacao""
""mormaiishop.com.br"":""https://www.mormaiishop.com.br/bermuda-de-natacao-masculina-mormaii-31312279/p""
""r2lstore.com.br"":""https://www.r2lstore.com.br/produtos/bermuda-de-natacao-masculina/"""
br,short para natação masculino,roupa de natação masculino,bermuda natação masculina,bermudas e shorts de neoprene,Sub page,,590,10,0.00,0.00,0,Informational,"Image Pack, People Also Ask, Site Links, Video, Image, Popular Products, Related Searches","0.76,1.00,0.76,0.36,0.36,0.45,0.36,0.30,0.30,0.30,0.24,0.24",,"""arenawaterinstinct.com.br"":""https://www.arenawaterinstinct.com.br/masculino""
""speedo.com.br"":""https://www.speedo.com.br/masculino/bermudas""
""fabiolamolina.com.br"":""https://www.fabiolamolina.com.br/loja/moda-esportiva/masculino/bermudas""
""mormaiishop.com.br"":""https://www.mormaiishop.com.br/bermuda-de-natacao-masculina-mormaii-31312279/p""
""netshoes.com.br"":""https://www.netshoes.com.br/busca/bermuda-natacao""
""medinas.com.br"":""https://www.medinas.com.br/roupa-natacao-masculina/bermuda-de-natacao""
""websurfshop.com.br"":""https://www.websurfshop.com.br/bermuda-natacao-masculina-elastano-premium-preto-wss-natacao""
""hammerhead.com.br"":""https://www.hammerhead.com.br/masculino/roupas-para-natacao""
""centauro.com.br"":""https://www.centauro.com.br/nav/produto/bermuda/esportes/natacao""
""lista.mercadolivre.com.br"":""https://lista.mercadolivre.com.br/bermuda-nata%C3%A7%C3%A3o""","""fabiolamolina.com.br"":""https://www.fabiolamolina.com.br/loja/moda-esportiva/masculino/bermudas""
""netshoes.com.br"":""https://www.netshoes.com.br/busca/bermuda-natacao""
""speedo.com.br"":""https://www.speedo.com.br/masculino/bermudas""
""centauro.com.br"":""https://www.centauro.com.br/nav/produto/bermuda/esportes/natacao""
""arenawaterinstinct.com.br"":""https://www.arenawaterinstinct.com.br/masculino""
""tf.com.br"":""https://www.tf.com.br/natacao-masculino""
""medinas.com.br"":""https://www.medinas.com.br/roupa-natacao-masculina/bermuda-de-natacao""
""websurfshop.com.br"":""https://www.websurfshop.com.br/bermuda-natacao-masculina-elastano-premium-preto-wss-natacao""
""mormaiishop.com.br"":""https://www.mormaiishop.com.br/bermuda-de-natacao-masculina-mormaii-31312279/p""
""r2lstore.com.br"":""https://www.r2lstore.com.br/produtos/bermuda-de-natacao-masculina/"""
br,bermuda natacao,roupa de natação masculino,bermuda natação masculina,bermudas e shorts de neoprene,Sub page,,480,12,0.00,0.00,0,Commercial,"Image Pack, People Also Ask, Site Links, Video, Image, Popular Products, Related Searches","0.36,0.45,0.45,0.30,0.30,0.36,0.30,0.36,0.36,0.45,0.45,0.45",,"""arenawaterinstinct.com.br"":""https://www.arenawaterinstinct.com.br/masculino""
""speedo.com.br"":""https://www.speedo.com.br/masculino/bermudas""
""fabiolamolina.com.br"":""https://www.fabiolamolina.com.br/loja/moda-esportiva/masculino/bermudas""
""mormaiishop.com.br"":""https://www.mormaiishop.com.br/bermuda-de-natacao-masculina-mormaii-31312279/p""
""netshoes.com.br"":""https://www.netshoes.com.br/busca/bermuda-natacao""
""medinas.com.br"":""https://www.medinas.com.br/roupa-natacao-masculina/bermuda-de-natacao""
""websurfshop.com.br"":""https://www.websurfshop.com.br/bermuda-natacao-masculina-elastano-premium-preto-wss-natacao""
""hammerhead.com.br"":""https://www.hammerhead.com.br/masculino/roupas-para-natacao""
""centauro.com.br"":""https://www.centauro.com.br/nav/produto/bermuda/esportes/natacao""
""lista.mercadolivre.com.br"":""https://lista.mercadolivre.com.br/bermuda-nata%C3%A7%C3%A3o""","""centauro.com.br"":""https://www.centauro.com.br/nav/produto/bermuda/esportes/natacao""
""arenawaterinstinct.com.br"":""https://www.arenawaterinstinct.com.br/masculino""
""netshoes.com.br"":""https://www.netshoes.com.br/busca/bermuda-natacao""
""mormaiishop.com.br"":""https://www.mormaiishop.com.br/bermuda-de-natacao-masculina-mormaii-31312279/p""
""speedo.com.br"":""https://www.speedo.com.br/masculino/bermudas""
""lista.mercadolivre.com.br"":""https://lista.mercadolivre.com.br/bermuda-nata%C3%A7%C3%A3o""
""hammerhead.com.br"":""https://www.hammerhead.com.br/masculino/roupas-para-natacao""
""medinas.com.br"":""https://www.medinas.com.br/roupa-natacao-masculina/bermuda-de-natacao/bermuda-natacao-competicao""
""loja.poker.esp.br"":""https://loja.poker.esp.br/natacao/bermuda/bermuda-natacao-crawl-ii-13180""
""siker.esp.br"":""https://www.siker.esp.br/masculino/natacao/bermuda-natacao-skr"""
br,bermuda de natacao masculina,roupa de natação masculino,bermuda natação masculina,bermudas e shorts de neoprene,Sub page,,320,7,0.00,0.00,0,Informational,"Image Pack, Video Carousel, Site Links, Video, Image, Popular Products, Related Searches","0.81,0.66,0.66,0.19,0.19,0.23,0.29,0.05,0.54,0.36,0.54,1.00",,"""arenawaterinstinct.com.br"":""https://www.arenawaterinstinct.com.br/masculino""
""speedo.com.br"":""https://www.speedo.com.br/masculino/bermudas""
""fabiolamolina.com.br"":""https://www.fabiolamolina.com.br/loja/moda-esportiva/masculino/bermudas""
""mormaiishop.com.br"":""https://www.mormaiishop.com.br/bermuda-de-natacao-masculina-mormaii-31312279/p""
""netshoes.com.br"":""https://www.netshoes.com.br/busca/bermuda-natacao""
""medinas.com.br"":""https://www.medinas.com.br/roupa-natacao-masculina/bermuda-de-natacao""
""websurfshop.com.br"":""https://www.websurfshop.com.br/bermuda-natacao-masculina-elastano-premium-preto-wss-natacao""
""hammerhead.com.br"":""https://www.hammerhead.com.br/masculino/roupas-para-natacao""
""centauro.com.br"":""https://www.centauro.com.br/nav/produto/bermuda/esportes/natacao""
""lista.mercadolivre.com.br"":""https://lista.mercadolivre.com.br/bermuda-nata%C3%A7%C3%A3o""","""fabiolamolina.com.br"":""https://www.fabiolamolina.com.br/loja/moda-esportiva/masculino/bermudas""
""speedo.com.br"":""https://www.speedo.com.br/masculino/bermudas""
""arenawaterinstinct.com.br"":""https://www.arenawaterinstinct.com.br/masculino""
""centauro.com.br"":""https://www.centauro.com.br/nav/produto/bermuda/esportes/natacao""
""netshoes.com.br"":""https://www.netshoes.com.br/busca/bermuda-natacao""
""medinas.com.br"":""https://www.medinas.com.br/roupa-natacao-masculina/bermuda-de-natacao""
""mormaiishop.com.br"":""https://www.mormaiishop.com.br/bermuda-de-natacao-masculina-mormaii-31312279/p""
""lista.mercadolivre.com.br"":""https://lista.mercadolivre.com.br/bermuda-nata%C3%A7%C3%A3o""
""hammerhead.com.br"":""https://www.hammerhead.com.br/masculino/roupas-para-natacao""
""hammerhead.com.br"":""https://www.hammerhead.com.br/masculino/roupas-para-natacao"""
br,short natacao,roupa de natação masculino,bermuda natação masculina,bermudas e shorts de neoprene,Sub page,,210,10,0.00,0.00,0,Informational,"Image Pack, People Also Ask, Site Links, Video, Image, Popular Products, Related Searches","0.81,0.19,0.36,0.29,0.44,0.23,0.23,0.09,0.29,0.29,0.29,0.36",,"""arenawaterinstinct.com.br"":""https://www.arenawaterinstinct.com.br/masculino""
""speedo.com.br"":""https://www.speedo.com.br/masculino/bermudas""
""fabiolamolina.com.br"":""https://www.fabiolamolina.com.br/loja/moda-esportiva/masculino/bermudas""
""mormaiishop.com.br"":""https://www.mormaiishop.com.br/bermuda-de-natacao-masculina-mormaii-31312279/p""
""netshoes.com.br"":""https://www.netshoes.com.br/busca/bermuda-natacao""
""medinas.com.br"":""https://www.medinas.com.br/roupa-natacao-masculina/bermuda-de-natacao""
""websurfshop.com.br"":""https://www.websurfshop.com.br/bermuda-natacao-masculina-elastano-premium-preto-wss-natacao""
""hammerhead.com.br"":""https://www.hammerhead.com.br/masculino/roupas-para-natacao""
""centauro.com.br"":""https://www.centauro.com.br/nav/produto/bermuda/esportes/natacao""
""lista.mercadolivre.com.br"":""https://lista.mercadolivre.com.br/bermuda-nata%C3%A7%C3%A3o""","""arenawaterinstinct.com.br"":""https://www.arenawaterinstinct.com.br/masculino""
""netshoes.com.br"":""https://www.netshoes.com.br/busca/bermuda-natacao""
""fabiolamolina.com.br"":""https://www.fabiolamolina.com.br/loja/moda-esportiva/masculino/bermudas""
""medinas.com.br"":""https://www.medinas.com.br/roupa-natacao-masculina/bermuda-de-natacao""
""speedo.com.br"":""https://www.speedo.com.br/masculino/bermudas""
""centauro.com.br"":""https://www.centauro.com.br/nav/produto/short/esportes/natacao""
""decathlon.com.br"":""https://www.decathlon.com.br/shorts-masculino-de-natacao-swimshort-100/p""
""lista.mercadolivre.com.br"":""https://lista.mercadolivre.com.br/short-de-natacao""
""websurfshop.com.br"":""https://www.websurfshop.com.br/bermuda-natacao-masculina-elastano-premium-preto-wss-natacao""
""hammerhead.com.br"":""https://www.hammerhead.com.br/masculino/roupas-para-natacao"""
br,bermuda para natacao,roupa de natação masculino,bermuda natação masculina,bermudas e shorts de neoprene,Sub page,,170,8,0.00,0.00,0,"Informational, Commercial","Image Pack, People Also Ask, Site Links, Video, Image, Popular Products, Related Searches","0.62,0.04,0.04,0.03,0.03,0.03,0.08,0.04,0.13,0.10,0.06,0.06",,"""arenawaterinstinct.com.br"":""https://www.arenawaterinstinct.com.br/masculino""
""speedo.com.br"":""https://www.speedo.com.br/masculino/bermudas""
""fabiolamolina.com.br"":""https://www.fabiolamolina.com.br/loja/moda-esportiva/masculino/bermudas""
""mormaiishop.com.br"":""https://www.mormaiishop.com.br/bermuda-de-natacao-masculina-mormaii-31312279/p""
""netshoes.com.br"":""https://www.netshoes.com.br/busca/bermuda-natacao""
""medinas.com.br"":""https://www.medinas.com.br/roupa-natacao-masculina/bermuda-de-natacao""
""websurfshop.com.br"":""https://www.websurfshop.com.br/bermuda-natacao-masculina-elastano-premium-preto-wss-natacao""
""hammerhead.com.br"":""https://www.hammerhead.com.br/masculino/roupas-para-natacao""
""centauro.com.br"":""https://www.centauro.com.br/nav/produto/bermuda/esportes/natacao""
""lista.mercadolivre.com.br"":""https://lista.mercadolivre.com.br/bermuda-nata%C3%A7%C3%A3o""","""fabiolamolina.com.br"":""https://www.fabiolamolina.com.br/loja/moda-esportiva/masculino/bermudas""
""medinas.com.br"":""https://www.medinas.com.br/roupa-natacao-masculina/bermuda-de-natacao""
""arenawaterinstinct.com.br"":""https://www.arenawaterinstinct.com.br/masculino""
""netshoes.com.br"":""https://www.netshoes.com.br/busca/bermuda-natacao""
""hammerhead.com.br"":""https://www.hammerhead.com.br/masculino/roupas-para-natacao""
""mormaiishop.com.br"":""https://www.mormaiishop.com.br/bermuda-de-natacao-masculina-mormaii-31312279/p""
""lojasprintrace.com.br"":""https://www.lojasprintrace.com.br/bermuda-de-nataca""
""speedo.com.br"":""https://www.speedo.com.br/masculino/bermudas""
""lojaoutside.com.br"":""https://www.lojaoutside.com.br/bermuda-natacao-3mm-smootskin-emborrachada""
""loja.poker.esp.br"":""https://loja.poker.esp.br/natacao/bermuda/bermuda-natacao-crawl-ii-13180"""
br,calção de natação,roupa de natação masculino,bermuda natação masculina,bermudas e shorts de neoprene,Sub page,,170,8,0.00,0.00,0,"Informational, Transactional","Image Pack, Site Links, Video, Image, Popular Products, Related Searches","0.53,0.53,0.28,0.21,0.43,0.65,0.53,0.43,0.34,0.34,0.81,1.00",,"""arenawaterinstinct.com.br"":""https://www.arenawaterinstinct.com.br/masculino""
""speedo.com.br"":""https://www.speedo.com.br/masculino/bermudas""
""fabiolamolina.com.br"":""https://www.fabiolamolina.com.br/loja/moda-esportiva/masculino/bermudas""
""mormaiishop.com.br"":""https://www.mormaiishop.com.br/bermuda-de-natacao-masculina-mormaii-31312279/p""
""netshoes.com.br"":""https://www.netshoes.com.br/busca/bermuda-natacao""
""medinas.com.br"":""https://www.medinas.com.br/roupa-natacao-masculina/bermuda-de-natacao""
""websurfshop.com.br"":""https://www.websurfshop.com.br/bermuda-natacao-masculina-elastano-premium-preto-wss-natacao""
""hammerhead.com.br"":""https://www.hammerhead.com.br/masculino/roupas-para-natacao""
""centauro.com.br"":""https://www.centauro.com.br/nav/produto/bermuda/esportes/natacao""
""lista.mercadolivre.com.br"":""https://lista.mercadolivre.com.br/bermuda-nata%C3%A7%C3%A3o""","""fabiolamolina.com.br"":""https://www.fabiolamolina.com.br/loja/moda-esportiva/masculino/bermudas""
""netshoes.com.br"":""https://www.netshoes.com.br/busca/bermuda-natacao""
""arenawaterinstinct.com.br"":""https://www.arenawaterinstinct.com.br/masculino""
""speedo.com.br"":""https://www.speedo.com.br/masculino/bermudas""
""medinas.com.br"":""https://www.medinas.com.br/roupa-natacao-masculina/bermuda-de-natacao""
""lista.mercadolivre.com.br"":""https://lista.mercadolivre.com.br/calcao-natacao""
""mormaiishop.com.br"":""https://www.mormaiishop.com.br/bermuda-de-natacao-masculina-mormaii-31312279/p""
""lojaoutside.com.br"":""https://www.lojaoutside.com.br/cadastro/bermuda-natacao-alta-flutuacao-confort-5-3mm-emborrachada""
""loja.poker.esp.br"":""https://loja.poker.esp.br/natacao/bermuda/bermuda-natacao-crawl-ii-13180""
""adidas.com.br"":""https://www.adidas.com.br/calcoes_de_banho-natacao"""
br,calcao natacao,roupa de natação masculino,bermuda natação masculina,bermudas e shorts de neoprene,Sub page,,140,7,0.00,0.00,0,Commercial,"Site Links, Video, Image, Popular Products, Related Searches","0.53,0.53,0.42,0.65,0.65,0.42,0.53,0.42,0.53,0.65,0.26,0.26",,"""arenawaterinstinct.com.br"":""https://www.arenawaterinstinct.com.br/masculino""
""speedo.com.br"":""https://www.speedo.com.br/masculino/bermudas""
""fabiolamolina.com.br"":""https://www.fabiolamolina.com.br/loja/moda-esportiva/masculino/bermudas""
""mormaiishop.com.br"":""https://www.mormaiishop.com.br/bermuda-de-natacao-masculina-mormaii-31312279/p""
""netshoes.com.br"":""https://www.netshoes.com.br/busca/bermuda-natacao""
""medinas.com.br"":""https://www.medinas.com.br/roupa-natacao-masculina/bermuda-de-natacao""
""websurfshop.com.br"":""https://www.websurfshop.com.br/bermuda-natacao-masculina-elastano-premium-preto-wss-natacao""
""hammerhead.com.br"":""https://www.hammerhead.com.br/masculino/roupas-para-natacao""
""centauro.com.br"":""https://www.centauro.com.br/nav/produto/bermuda/esportes/natacao""
""lista.mercadolivre.com.br"":""https://lista.mercadolivre.com.br/bermuda-nata%C3%A7%C3%A3o""","""fabiolamolina.com.br"":""https://www.fabiolamolina.com.br/loja/moda-esportiva/masculino/bermudas""
""netshoes.com.br"":""https://www.netshoes.com.br/busca/bermuda-natacao""
""arenawaterinstinct.com.br"":""https://www.arenawaterinstinct.com.br/masculino""
""medinas.com.br"":""https://www.medinas.com.br/roupa-natacao-masculina/bermuda-de-natacao/bermuda-natacao-competicao""
""loja.poker.esp.br"":""https://loja.poker.esp.br/natacao/bermuda/bermuda-natacao-crawl-ii-13180""
""speedo.com.br"":""https://www.speedo.com.br/masculino/bermudas""
""adidas.com.br"":""https://www.adidas.com.br/calcoes_de_banho-natacao""
""medinas.com.br"":""https://www.medinas.com.br/roupa-natacao-masculina/bermuda-de-natacao""
""mormaiishop.com.br"":""https://www.mormaiishop.com.br/bermuda-de-natacao-masculina-mormaii-31312279/p""
""hammerhead.com.br"":""https://www.hammerhead.com.br/masculino/roupas-para-natacao"""
br,shorts para natação,roupa de natação masculino,bermuda natação masculina,bermudas e shorts de neoprene,Sub page,,140,20,0.00,0.00,0,Informational,"Image Pack, People Also Ask, Site Links, Video, Image, Popular Products, Related Searches","0.18,0.08,1.00,0.23,0.23,0.11,0.05,0.18,0.06,0.18,0.18,0.15",,"""arenawaterinstinct.com.br"":""https://www.arenawaterinstinct.com.br/masculino""
""speedo.com.br"":""https://www.speedo.com.br/masculino/bermudas""
""fabiolamolina.com.br"":""https://www.fabiolamolina.com.br/loja/moda-esportiva/masculino/bermudas""
""mormaiishop.com.br"":""https://www.mormaiishop.com.br/bermuda-de-natacao-masculina-mormaii-31312279/p""
""netshoes.com.br"":""https://www.netshoes.com.br/busca/bermuda-natacao""
""medinas.com.br"":""https://www.medinas.com.br/roupa-natacao-masculina/bermuda-de-natacao""
""websurfshop.com.br"":""https://www.websurfshop.com.br/bermuda-natacao-masculina-elastano-premium-preto-wss-natacao""
""hammerhead.com.br"":""https://www.hammerhead.com.br/masculino/roupas-para-natacao""
""centauro.com.br"":""https://www.centauro.com.br/nav/produto/bermuda/esportes/natacao""
""lista.mercadolivre.com.br"":""https://lista.mercadolivre.com.br/bermuda-nata%C3%A7%C3%A3o""","""fabiolamolina.com.br"":""https://www.fabiolamolina.com.br/loja/moda-esportiva/masculino/bermudas""
""netshoes.com.br"":""https://www.netshoes.com.br/busca/bermuda-natacao""
""tf.com.br"":""https://www.tf.com.br/natacao-masculino""
""arenawaterinstinct.com.br"":""https://www.arenawaterinstinct.com.br/masculino""
""youtube.com"":""https://www.youtube.com/watch?v=NC3D0YgCCtI""
""medinas.com.br"":""https://www.medinas.com.br/roupa-natacao-masculina/bermuda-de-natacao/bermuda-natacao-competicao""
""lista.mercadolivre.com.br"":""https://lista.mercadolivre.com.br/short-de-natacao""
""mormaiishop.com.br"":""https://www.mormaiishop.com.br/bermuda-de-natacao-masculina-mormaii-31312279/p""
""speedo.com.br"":""https://www.speedo.com.br/masculino/bermudas""
""lojaoutside.com.br"":""https://www.lojaoutside.com.br/cadastro/bermuda-natacao-alta-flutuacao-confort-5-3mm-emborrachada"""
br,calção de natação masculino,roupa de natação masculino,bermuda natação masculina,bermudas e shorts de neoprene,Sub page,,110,8,0.00,0.00,0,Commercial,"Image Pack, Site Links, Video, Image, Popular Products, Related Searches","0.33,0.52,0.52,0.52,0.23,0.33,0.42,0.80,1.00,0.52,0.42,0.33",,"""arenawaterinstinct.com.br"":""https://www.arenawaterinstinct.com.br/masculino""
""speedo.com.br"":""https://www.speedo.com.br/masculino/bermudas""
""fabiolamolina.com.br"":""https://www.fabiolamolina.com.br/loja/moda-esportiva/masculino/bermudas""
""mormaiishop.com.br"":""https://www.mormaiishop.com.br/bermuda-de-natacao-masculina-mormaii-31312279/p""
""netshoes.com.br"":""https://www.netshoes.com.br/busca/bermuda-natacao""
""medinas.com.br"":""https://www.medinas.com.br/roupa-natacao-masculina/bermuda-de-natacao""
""websurfshop.com.br"":""https://www.websurfshop.com.br/bermuda-natacao-masculina-elastano-premium-preto-wss-natacao""
""hammerhead.com.br"":""https://www.hammerhead.com.br/masculino/roupas-para-natacao""
""centauro.com.br"":""https://www.centauro.com.br/nav/produto/bermuda/esportes/natacao""
""lista.mercadolivre.com.br"":""https://lista.mercadolivre.com.br/bermuda-nata%C3%A7%C3%A3o""","""netshoes.com.br"":""https://www.netshoes.com.br/busca/bermuda-masculino-natacao""
""arenawaterinstinct.com.br"":""https://www.arenawaterinstinct.com.br/masculino""
""fabiolamolina.com.br"":""https://www.fabiolamolina.com.br/loja/moda-esportiva/masculino/bermudas""
""medinas.com.br"":""https://www.medinas.com.br/roupa-natacao-masculina/bermuda-de-natacao""
""speedo.com.br"":""https://www.speedo.com.br/masculino/bermudas""
""mormaiishop.com.br"":""https://www.mormaiishop.com.br/bermuda-de-natacao-masculina-mormaii-31312279/p""
""lista.mercadolivre.com.br"":""https://lista.mercadolivre.com.br/bermuda-de-natacao-masculina""
""centauro.com.br"":""https://www.centauro.com.br/nav/produto/bermuda/esportes/natacao""
""websurfshop.com.br"":""https://www.websurfshop.com.br/bermuda-natacao-masculina-elastano-premium-preto-wss-natacao""
""amazon.com.br"":""https://www.amazon.com.br/bermuda-nata%C3%A7%C3%A3o-masculina/s?k=bermuda+nata%C3%A7%C3%A3o+masculina"""
br,calção para natação,roupa de natação masculino,bermuda natação masculina,bermudas e shorts de neoprene,Sub page,,110,9,0.00,0.00,0,"Informational, Transactional","Image Pack, People Also Ask, Site Links, Video, Image, Popular Products, Related Searches","0.11,0.11,0.09,0.14,0.11,0.11,0.14,0.11,0.11,0.14,0.11,0.04",,"""arenawaterinstinct.com.br"":""https://www.arenawaterinstinct.com.br/masculino""
""speedo.com.br"":""https://www.speedo.com.br/masculino/bermudas""
""fabiolamolina.com.br"":""https://www.fabiolamolina.com.br/loja/moda-esportiva/masculino/bermudas""
""mormaiishop.com.br"":""https://www.mormaiishop.com.br/bermuda-de-natacao-masculina-mormaii-31312279/p""
""netshoes.com.br"":""https://www.netshoes.com.br/busca/bermuda-natacao""
""medinas.com.br"":""https://www.medinas.com.br/roupa-natacao-masculina/bermuda-de-natacao""
""websurfshop.com.br"":""https://www.websurfshop.com.br/bermuda-natacao-masculina-elastano-premium-preto-wss-natacao""
""hammerhead.com.br"":""https://www.hammerhead.com.br/masculino/roupas-para-natacao""
""centauro.com.br"":""https://www.centauro.com.br/nav/produto/bermuda/esportes/natacao""
""lista.mercadolivre.com.br"":""https://lista.mercadolivre.com.br/bermuda-nata%C3%A7%C3%A3o""","""netshoes.com.br"":""https://www.netshoes.com.br/busca/bermuda-natacao""
""arenawaterinstinct.com.br"":""https://www.arenawaterinstinct.com.br/masculino""
""fabiolamolina.com.br"":""https://www.fabiolamolina.com.br/loja/moda-esportiva/masculino/bermudas""
""mormaiishop.com.br"":""https://www.mormaiishop.com.br/bermuda-de-natacao-masculina-mormaii-31312279/p""
""medinas.com.br"":""https://www.medinas.com.br/roupa-natacao-masculina/bermuda-de-natacao/bermuda-natacao-competicao""
""speedo.com.br"":""https://www.speedo.com.br/masculino/bermudas""
""lista.mercadolivre.com.br"":""https://lista.mercadolivre.com.br/bermuda-de-natacao-masculina""
""websurfshop.com.br"":""https://www.websurfshop.com.br/bermuda-natacao-masculina-elastano-premium-preto-wss-natacao""
""medinas.com.br"":""https://www.medinas.com.br/roupa-natacao-masculina/bermuda-de-natacao""
""adidas.com.br"":""https://www.adidas.com.br/calcoes_de_banho-natacao"""
br,short natacao masculino,roupa de natação masculino,bermuda natação masculina,bermudas e shorts de neoprene,Sub page,,90,7,0.00,0.00,0,"Informational, Commercial","Image Pack, Site Links, Video, Image, Popular Products, Related Searches","0.54,0.14,0.14,0.10,0.08,0.10,0.81,0.10,0.10,0.10,0.10,0.08",,"""arenawaterinstinct.com.br"":""https://www.arenawaterinstinct.com.br/masculino""
""speedo.com.br"":""https://www.speedo.com.br/masculino/bermudas""
""fabiolamolina.com.br"":""https://www.fabiolamolina.com.br/loja/moda-esportiva/masculino/bermudas""
""mormaiishop.com.br"":""https://www.mormaiishop.com.br/bermuda-de-natacao-masculina-mormaii-31312279/p""
""netshoes.com.br"":""https://www.netshoes.com.br/busca/bermuda-natacao""
""medinas.com.br"":""https://www.medinas.com.br/roupa-natacao-masculina/bermuda-de-natacao""
""websurfshop.com.br"":""https://www.websurfshop.com.br/bermuda-natacao-masculina-elastano-premium-preto-wss-natacao""
""hammerhead.com.br"":""https://www.hammerhead.com.br/masculino/roupas-para-natacao""
""centauro.com.br"":""https://www.centauro.com.br/nav/produto/bermuda/esportes/natacao""
""lista.mercadolivre.com.br"":""https://lista.mercadolivre.com.br/bermuda-nata%C3%A7%C3%A3o""","""netshoes.com.br"":""https://www.netshoes.com.br/busca/bermuda-masculino-natacao""
""arenawaterinstinct.com.br"":""https://www.arenawaterinstinct.com.br/masculino""
""fabiolamolina.com.br"":""https://www.fabiolamolina.com.br/loja/moda-esportiva/masculino/bermudas""
""websurfshop.com.br"":""https://www.websurfshop.com.br/bermuda-natacao-masculina-elastano-premium-preto-wss-natacao""
""speedo.com.br"":""https://www.speedo.com.br/masculino/bermudas""
""lista.mercadolivre.com.br"":""https://lista.mercadolivre.com.br/bermuda-de-natacao-masculina""
""medinas.com.br"":""https://www.medinas.com.br/roupa-natacao-masculina/bermuda-de-natacao""
""r2lstore.com.br"":""https://www.r2lstore.com.br/produtos/bermuda-de-natacao-masculina/""
""tf.com.br"":""https://www.tf.com.br/natacao-masculino""
""mormaiishop.com.br"":""https://www.mormaiishop.com.br/bermuda-de-natacao-masculina-mormaii-31312279/p"""
br,short nataçao,roupa de natação masculino,bermuda natação masculina,bermudas e shorts de neoprene,Sub page,,90,7,0.00,0.00,0,"Informational, Commercial","Image Pack, Site Links, Video, Image, Popular Products, Related Searches","0.00,0.00,0.00,0.54,0.00,0.00,0.00,1.00,0.66,0.00,0.00,0.10",,"""arenawaterinstinct.com.br"":""https://www.arenawaterinstinct.com.br/masculino""
""speedo.com.br"":""https://www.speedo.com.br/masculino/bermudas""
""fabiolamolina.com.br"":""https://www.fabiolamolina.com.br/loja/moda-esportiva/masculino/bermudas""
""mormaiishop.com.br"":""https://www.mormaiishop.com.br/bermuda-de-natacao-masculina-mormaii-31312279/p""
""netshoes.com.br"":""https://www.netshoes.com.br/busca/bermuda-natacao""
""medinas.com.br"":""https://www.medinas.com.br/roupa-natacao-masculina/bermuda-de-natacao""
""websurfshop.com.br"":""https://www.websurfshop.com.br/bermuda-natacao-masculina-elastano-premium-preto-wss-natacao""
""hammerhead.com.br"":""https://www.hammerhead.com.br/masculino/roupas-para-natacao""
""centauro.com.br"":""https://www.centauro.com.br/nav/produto/bermuda/esportes/natacao""
""lista.mercadolivre.com.br"":""https://lista.mercadolivre.com.br/bermuda-nata%C3%A7%C3%A3o""","""arenawaterinstinct.com.br"":""https://www.arenawaterinstinct.com.br/masculino""
""medinas.com.br"":""https://www.medinas.com.br/roupa-natacao-masculina/bermuda-de-natacao""
""netshoes.com.br"":""https://www.netshoes.com.br/busca/bermuda-natacao""
""hammerhead.com.br"":""https://www.hammerhead.com.br/masculino/roupas-para-natacao""
""mormaiishop.com.br"":""https://www.mormaiishop.com.br/bermuda-de-natacao-masculina-mormaii-31312279/p""
""speedo.com.br"":""https://www.speedo.com.br/masculino/bermudas""
""adidas.com.br"":""https://www.adidas.com.br/calcoes_de_banho-natacao""
""websurfshop.com.br"":""https://www.websurfshop.com.br/shorts-bermuda-natacao""
""fabiolamolina.com.br"":""https://www.fabiolamolina.com.br/loja/moda-esportiva/masculino/bermudas""
""lojaoutside.com.br"":""https://www.lojaoutside.com.br/cadastro/bermuda-natacao-alta-flutuacao-confort-5-3mm-emborrachada"""
br,bermuda neoprene natação,short neoprene,bermuda neoprene natação,bermudas e shorts de neoprene,Pillar page,,210,8,0.00,0.00,0,Commercial,"Image Pack, Site Links, Video, Popular Products, Related Searches","0.66,1.00,1.00,0.54,0.54,0.29,0.22,0.10,0.18,0.29,0.35,0.35",,"""aquon.com.br"":""https://www.aquon.com.br/produtos/bermuda-flutuacao-treino-3-0mm/""
""onlysurf.com.br"":""https://www.onlysurf.com.br/p/bermuda-neoprene-fundive-2-mm-shorts-neo-prene-surfe""
""mormaiishop.com.br"":""https://www.mormaiishop.com.br/bermuda-de-natacao-masculina-mormaii-31312279/p""
""lista.mercadolivre.com.br"":""https://lista.mercadolivre.com.br/bermuda-neoprene-natacao""
""lojaoutside.com.br"":""https://www.lojaoutside.com.br/cadastro/bermuda-natacao-alta-flutuacao-confort-5-3mm-emborrachada""
""lojaoutside.com.br"":""https://www.lojaoutside.com.br/cadastro/bermuda-neoprene-alta-flutuacao-zone3-natacao-5-3-aerodome""
""lista.mercadolivre.com.br"":""https://lista.mercadolivre.com.br/bermuda-flutua%C3%A7%C3%A3o""
""instagram.com"":""https://www.instagram.com/reel/C6lmNpvO_nv/""
""lista.mercadolivre.com.br"":""https://lista.mercadolivre.com.br/bermuda-de-neoprene-para-flutuar""
""netshoes.com.br"":""https://www.netshoes.com.br/busca/bermuda-natacao-neoprene""","""lista.mercadolivre.com.br"":""https://lista.mercadolivre.com.br/bermuda-neoprene-natacao""
""lojaoutside.com.br"":""https://www.lojaoutside.com.br/cadastro/bermuda-neoprene-alta-flutuacao-zone3-natacao-5-3-aerodome""
""onlysurf.com.br"":""https://www.onlysurf.com.br/p/bermuda-neoprene-fundive-2-mm-shorts-neo-prene-surfe""
""aquon.com.br"":""https://www.aquon.com.br/produtos/bermuda-flutuacao-treino-3-0mm/""
""netshoes.com.br"":""https://www.netshoes.com.br/busca/bermuda-natacao-neoprene""
""youtube.com"":""https://www.youtube.com/watch?v=XBqnIaE2Yn4""
""mormaiishop.com.br"":""https://www.mormaiishop.com.br/bermuda-de-natacao-masculina-mormaii-31312279/p""
""youtube.com"":""https://www.youtube.com/watch?v=mu7QXqOfiTI""
""tridesigns.com.br"":""https://www.tridesigns.com.br/products/bermuda-de-neoprene-orca""
""lojazone3.com.br"":""https://www.lojazone3.com.br/calcas-e-bermudas/bermuda-neoprene-alta-flutuacao-zone3-natacao-5-3-aerodome"""
br,bermuda de flutuação,short neoprene,bermuda neoprene natação,bermudas e shorts de neoprene,Pillar page,,110,10,0.00,0.00,0,Commercial,"Image Pack, Video Carousel, People Also Ask, Short Videos, Site Links, Video, Image, Popular Products, Related Searches","0.22,0.22,0.22,0.22,0.43,0.35,0.22,0.14,0.22,0.22,0.18,0.18",,"""aquon.com.br"":""https://www.aquon.com.br/produtos/bermuda-flutuacao-treino-3-0mm/""
""onlysurf.com.br"":""https://www.onlysurf.com.br/p/bermuda-neoprene-fundive-2-mm-shorts-neo-prene-surfe""
""mormaiishop.com.br"":""https://www.mormaiishop.com.br/bermuda-de-natacao-masculina-mormaii-31312279/p""
""lista.mercadolivre.com.br"":""https://lista.mercadolivre.com.br/bermuda-neoprene-natacao""
""lojaoutside.com.br"":""https://www.lojaoutside.com.br/cadastro/bermuda-natacao-alta-flutuacao-confort-5-3mm-emborrachada""
""lojaoutside.com.br"":""https://www.lojaoutside.com.br/cadastro/bermuda-neoprene-alta-flutuacao-zone3-natacao-5-3-aerodome""
""lista.mercadolivre.com.br"":""https://lista.mercadolivre.com.br/bermuda-flutua%C3%A7%C3%A3o""
""instagram.com"":""https://www.instagram.com/reel/C6lmNpvO_nv/""
""lista.mercadolivre.com.br"":""https://lista.mercadolivre.com.br/bermuda-de-neoprene-para-flutuar""
""netshoes.com.br"":""https://www.netshoes.com.br/busca/bermuda-natacao-neoprene""","""lojaoutside.com.br"":""https://www.lojaoutside.com.br/cadastro/bermuda-natacao-alta-flutuacao-confort-5-3mm-emborrachada""
""aquon.com.br"":""https://www.aquon.com.br/produtos/bermuda-flutuacao-treino-3-0mm/""
""lista.mercadolivre.com.br"":""https://lista.mercadolivre.com.br/bermuda-flutua%C3%A7%C3%A3o""
""instagram.com"":""https://www.instagram.com/reel/C6lmNpvO_nv/""
""lista.mercadolivre.com.br"":""https://lista.mercadolivre.com.br/bermuda-de-neoprene-para-flutuar""
""lojazone3.com.br"":""https://www.lojazone3.com.br/calcas-bermudas""
""onlysurf.com.br"":""https://www.onlysurf.com.br/p/bermuda-neoprene-fundive-2-mm-shorts-neo-prene-surfe""
""lojaoutside2.com.br"":""https://www.lojaoutside2.com.br/neoprene/natacao/bermuda-natacao-alta-flutuacao-confort-pro-5-5-3mm-emborrachada-tri-motion""
""shopee.com.br"":""https://shopee.com.br/Bermuda-Nata%C3%A7%C3%A3o-De-Neoprene-Flutua%C3%A7%C3%A3o-3mm-Treino-Aquon-i.1409024070.19698028347""
""mormaiishop.com.br"":""https://www.mormaiishop.com.br/bermuda-de-natacao-masculina-mormaii-31312279/p"""
br,bermuda surf,bermuda neoprene,bermuda surf,bermudas e shorts de neoprene,Sub page,,2400,14,0.00,0.00,0,Commercial,"Image Pack, People Also Ask, Site Links, Video, Image, Popular Products, Related Searches","0.81,0.54,0.43,0.36,0.24,0.19,0.15,0.19,0.28,0.28,0.28,0.36",,"""hurley.com.br"":""https://hurley.com.br/collections/bermudas-masculinas""
""hangloose.com.br"":""https://hangloose.com.br/collections/bermudas""
""mormaiishop.com.br"":""https://www.mormaiishop.com.br/neoprene-masculino/surf/bermuda""
""billabong.com.br"":""https://www.billabong.com.br/bb/masculino/bermudas""
""quiksilver.com.br"":""https://www.quiksilver.com.br/qs/masculino/bermudas""
""osklen.com.br"":""https://www.osklen.com.br/bermudas-masculino""
""rusty.com.br"":""https://rusty.com.br/collections/bermudas-masculinas""
""surftrip.com.br"":""https://www.surftrip.com.br/masculino/bermudas""
""ripcurl.com.br"":""https://www.ripcurl.com.br/masculino/confeccao/bermudas""
""lojasrenner.com.br"":""https://www.lojasrenner.com.br/c/masculino/bermuda-e-short/surf/-/N-1c1m89w""","""hurley.com.br"":""https://hurley.com.br/collections/bermudas-masculinas""
""osklen.com.br"":""https://www.osklen.com.br/bermudas-masculino""
""billabong.com.br"":""https://www.billabong.com.br/bb/masculino/bermudas""
""quiksilver.com.br"":""https://www.quiksilver.com.br/qs/masculino/bermudas""
""rusty.com.br"":""https://rusty.com.br/collections/bermudas-masculinas""
""lojasrenner.com.br"":""https://www.lojasrenner.com.br/c/masculino/bermuda-e-short/surf/-/N-1c1m89w""
""mormaiishop.com.br"":""https://www.mormaiishop.com.br/neoprene-masculino/surf/bermuda""
""hangloose.com.br"":""https://hangloose.com.br/collections/bermudas""
""surftrip.com.br"":""https://www.surftrip.com.br/masculino/bermudas""
""overboard.com.br"":""https://www.overboard.com.br/masculino/bermudas"""
br,bermudas masculinas surfista,bermuda neoprene,bermuda surf,bermudas e shorts de neoprene,Sub page,,1000,11,0.00,0.00,0,Commercial,"Image Pack, Site Links, Video, Image, Popular Products, Related Searches","1.00,0.54,0.54,0.36,0.29,0.00,0.00,0.08,0.05,0.00,0.00,0.00",,"""hurley.com.br"":""https://hurley.com.br/collections/bermudas-masculinas""
""hangloose.com.br"":""https://hangloose.com.br/collections/bermudas""
""mormaiishop.com.br"":""https://www.mormaiishop.com.br/neoprene-masculino/surf/bermuda""
""billabong.com.br"":""https://www.billabong.com.br/bb/masculino/bermudas""
""quiksilver.com.br"":""https://www.quiksilver.com.br/qs/masculino/bermudas""
""osklen.com.br"":""https://www.osklen.com.br/bermudas-masculino""
""rusty.com.br"":""https://rusty.com.br/collections/bermudas-masculinas""
""surftrip.com.br"":""https://www.surftrip.com.br/masculino/bermudas""
""ripcurl.com.br"":""https://www.ripcurl.com.br/masculino/confeccao/bermudas""
""lojasrenner.com.br"":""https://www.lojasrenner.com.br/c/masculino/bermuda-e-short/surf/-/N-1c1m89w""","""hurley.com.br"":""https://hurley.com.br/collections/bermudas-masculinas""
""ripcurl.com.br"":""https://www.ripcurl.com.br/masculino/confeccao/bermudas""
""hangloose.com.br"":""https://hangloose.com.br/collections/bermudas""
""rusty.com.br"":""https://rusty.com.br/collections/bermudas-masculinas""
""netshoes.com.br"":""https://www.netshoes.com.br/surf/bermudas""
""billabong.com.br"":""https://www.billabong.com.br/bb/masculino/bermudas""
""quiksilver.com.br"":""https://www.quiksilver.com.br/qs/masculino/bermudas""
""lojasrenner.com.br"":""https://www.lojasrenner.com.br/c/masculino/bermuda-e-short/surf/-/N-1c1m89w""
""mormaiishop.com.br"":""https://www.mormaiishop.com.br/neoprene-masculino/surf/bermuda""
""lista.mercadolivre.com.br"":""https://lista.mercadolivre.com.br/bermuda-surf"""
br,short surf,bermuda neoprene,bermuda surf,bermudas e shorts de neoprene,Sub page,,720,10,0.00,0.00,0,Commercial,"Image Pack, Site Links, Video, Image, Popular Products, Related Searches","0.67,1.00,0.45,0.36,0.36,0.24,0.45,0.30,0.36,0.45,0.36,1.00",,"""hurley.com.br"":""https://hurley.com.br/collections/bermudas-masculinas""
""hangloose.com.br"":""https://hangloose.com.br/collections/bermudas""
""mormaiishop.com.br"":""https://www.mormaiishop.com.br/neoprene-masculino/surf/bermuda""
""billabong.com.br"":""https://www.billabong.com.br/bb/masculino/bermudas""
""quiksilver.com.br"":""https://www.quiksilver.com.br/qs/masculino/bermudas""
""osklen.com.br"":""https://www.osklen.com.br/bermudas-masculino""
""rusty.com.br"":""https://rusty.com.br/collections/bermudas-masculinas""
""surftrip.com.br"":""https://www.surftrip.com.br/masculino/bermudas""
""ripcurl.com.br"":""https://www.ripcurl.com.br/masculino/confeccao/bermudas""
""lojasrenner.com.br"":""https://www.lojasrenner.com.br/c/masculino/bermuda-e-short/surf/-/N-1c1m89w""","""hurley.com.br"":""https://hurley.com.br/collections/bermudas-masculinas""
""osklen.com.br"":""https://www.osklen.com.br/bermudas-masculino""
""quiksilver.com.br"":""https://www.quiksilver.com.br/qs/masculino/bermudas""
""billabong.com.br"":""https://www.billabong.com.br/bb/masculino/bermudas""
""hangloose.com.br"":""https://hangloose.com.br/collections/bermudas""
""lojasrenner.com.br"":""https://www.lojasrenner.com.br/c/masculino/bermuda-e-short/surf/-/N-1c1m89w""
""rusty.com.br"":""https://rusty.com.br/collections/bermudas-masculinas""
""mormaiishop.com.br"":""https://www.mormaiishop.com.br/neoprene-masculino/surf/bermuda""
""neuronha.com"":""https://www.neuronha.com/cat/42/bermudas-shorts""
""surftrip.com.br"":""https://www.surftrip.com.br/masculino/bermudas"""
br,bermuda surfista,bermuda neoprene,bermuda surf,bermudas e shorts de neoprene,Sub page,,480,10,0.00,0.00,0,Informational,"Image Pack, Site Links, Video, Image, Popular Products, Related Searches","0.08,0.10,0.08,0.13,0.10,0.08,0.05,0.04,0.02,0.03,0.05,0.04",,"""hurley.com.br"":""https://hurley.com.br/collections/bermudas-masculinas""
""hangloose.com.br"":""https://hangloose.com.br/collections/bermudas""
""mormaiishop.com.br"":""https://www.mormaiishop.com.br/neoprene-masculino/surf/bermuda""
""billabong.com.br"":""https://www.billabong.com.br/bb/masculino/bermudas""
""quiksilver.com.br"":""https://www.quiksilver.com.br/qs/masculino/bermudas""
""osklen.com.br"":""https://www.osklen.com.br/bermudas-masculino""
""rusty.com.br"":""https://rusty.com.br/collections/bermudas-masculinas""
""surftrip.com.br"":""https://www.surftrip.com.br/masculino/bermudas""
""ripcurl.com.br"":""https://www.ripcurl.com.br/masculino/confeccao/bermudas""
""lojasrenner.com.br"":""https://www.lojasrenner.com.br/c/masculino/bermuda-e-short/surf/-/N-1c1m89w""","""hurley.com.br"":""https://hurley.com.br/collections/bermudas-masculinas""
""osklen.com.br"":""https://www.osklen.com.br/bermudas-masculino""
""quiksilver.com.br"":""https://www.quiksilver.com.br/qs/masculino/bermudas""
""ripcurl.com.br"":""https://www.ripcurl.com.br/masculino/confeccao/bermudas""
""centauro.com.br"":""https://www.centauro.com.br/nav/produto/bermuda/esportes/surfstandup""
""hangloose.com.br"":""https://hangloose.com.br/collections/bermudas""
""rusty.com.br"":""https://rusty.com.br/collections/bermudas-masculinas""
""mormaiishop.com.br"":""https://www.mormaiishop.com.br/neoprene-masculino/surf/bermuda""
""billabong.com.br"":""https://www.billabong.com.br/bermuda-surftrek-elastic-deep-royalb508a0028-bsq0/p""
""surftrip.com.br"":""https://www.surftrip.com.br/masculino/bermudas"""
br,bermuda masculina surf,bermuda neoprene,bermuda surf,bermudas e shorts de neoprene,Sub page,,390,9,0.00,0.00,0,Commercial,"Image Pack, Site Links, Video, Image, Related Searches","0.13,0.20,0.30,0.16,0.11,0.08,0.07,0.07,0.05,0.07,0.07,0.07",,"""hurley.com.br"":""https://hurley.com.br/collections/bermudas-masculinas""
""hangloose.com.br"":""https://hangloose.com.br/collections/bermudas""
""mormaiishop.com.br"":""https://www.mormaiishop.com.br/neoprene-masculino/surf/bermuda""
""billabong.com.br"":""https://www.billabong.com.br/bb/masculino/bermudas""
""quiksilver.com.br"":""https://www.quiksilver.com.br/qs/masculino/bermudas""
""osklen.com.br"":""https://www.osklen.com.br/bermudas-masculino""
""rusty.com.br"":""https://rusty.com.br/collections/bermudas-masculinas""
""surftrip.com.br"":""https://www.surftrip.com.br/masculino/bermudas""
""ripcurl.com.br"":""https://www.ripcurl.com.br/masculino/confeccao/bermudas""
""lojasrenner.com.br"":""https://www.lojasrenner.com.br/c/masculino/bermuda-e-short/surf/-/N-1c1m89w""","""hurley.com.br"":""https://hurley.com.br/collections/bermudas-masculinas""
""billabong.com.br"":""https://www.billabong.com.br/bb/masculino/bermudas""
""hangloose.com.br"":""https://hangloose.com.br/collections/bermudas""
""lojasrenner.com.br"":""https://www.lojasrenner.com.br/c/masculino/bermuda-e-short/surf/-/N-1c1m89w""
""quiksilver.com.br"":""https://www.quiksilver.com.br/qs/masculino/bermudas""
""cea.com.br"":""https://www.cea.com.br/search/bermuda%20surf%20masculina""
""rusty.com.br"":""https://rusty.com.br/collections/bermudas-masculinas""
""mormaiishop.com.br"":""https://www.mormaiishop.com.br/neoprene-masculino/surf/bermuda""
""surftrip.com.br"":""https://www.surftrip.com.br/masculino/bermudas""
""ripcurl.com.br"":""https://www.ripcurl.com.br/masculino/confeccao/bermudas"""
br,short surf masculino,bermuda neoprene,bermuda surf,bermudas e shorts de neoprene,Sub page,,320,10,0.00,0.00,0,"Informational, Commercial","Image Pack, Site Links, Video, Image, Popular Products, Related Searches","0.55,0.55,0.36,0.24,0.16,0.13,0.13,0.13,0.16,0.20,0.16,0.24",,"""hurley.com.br"":""https://hurley.com.br/collections/bermudas-masculinas""
""hangloose.com.br"":""https://hangloose.com.br/collections/bermudas""
""mormaiishop.com.br"":""https://www.mormaiishop.com.br/neoprene-masculino/surf/bermuda""
""billabong.com.br"":""https://www.billabong.com.br/bb/masculino/bermudas""
""quiksilver.com.br"":""https://www.quiksilver.com.br/qs/masculino/bermudas""
""osklen.com.br"":""https://www.osklen.com.br/bermudas-masculino""
""rusty.com.br"":""https://rusty.com.br/collections/bermudas-masculinas""
""surftrip.com.br"":""https://www.surftrip.com.br/masculino/bermudas""
""ripcurl.com.br"":""https://www.ripcurl.com.br/masculino/confeccao/bermudas""
""lojasrenner.com.br"":""https://www.lojasrenner.com.br/c/masculino/bermuda-e-short/surf/-/N-1c1m89w""","""hurley.com.br"":""https://hurley.com.br/collections/bermudas-masculinas""
""quiksilver.com.br"":""https://www.quiksilver.com.br/qs/masculino/bermudas""
""billabong.com.br"":""https://www.billabong.com.br/bb/masculino/bermudas""
""lista.mercadolivre.com.br"":""https://lista.mercadolivre.com.br/bermuda-surf""
""osklen.com.br"":""https://www.osklen.com.br/bermudas-masculino""
""hangloose.com.br"":""https://hangloose.com.br/collections/bermudas""
""ripcurl.com.br"":""https://www.ripcurl.com.br/masculino/confeccao/bermudas""
""rusty.com.br"":""https://rusty.com.br/collections/bermudas-masculinas""
""mormaiishop.com.br"":""https://www.mormaiishop.com.br/neoprene-masculino/surf/bermuda""
""centauro.com.br"":""https://www.centauro.com.br/nav/produto/bermuda/esportes/surfstandup"""
br,short surfista,bermuda neoprene,bermuda surf,bermudas e shorts de neoprene,Sub page,,210,10,0.00,0.00,0,"Informational, Commercial","Image Pack, Site Links, Video, Image, Adwords Bottom, Popular Products, Related Searches","0.54,0.01,0.67,0.01,0.05,0.05,0.54,0.15,0.29,0.05,0.29,0.05",,"""hurley.com.br"":""https://hurley.com.br/collections/bermudas-masculinas""
""hangloose.com.br"":""https://hangloose.com.br/collections/bermudas""
""mormaiishop.com.br"":""https://www.mormaiishop.com.br/neoprene-masculino/surf/bermuda""
""billabong.com.br"":""https://www.billabong.com.br/bb/masculino/bermudas""
""quiksilver.com.br"":""https://www.quiksilver.com.br/qs/masculino/bermudas""
""osklen.com.br"":""https://www.osklen.com.br/bermudas-masculino""
""rusty.com.br"":""https://rusty.com.br/collections/bermudas-masculinas""
""surftrip.com.br"":""https://www.surftrip.com.br/masculino/bermudas""
""ripcurl.com.br"":""https://www.ripcurl.com.br/masculino/confeccao/bermudas""
""lojasrenner.com.br"":""https://www.lojasrenner.com.br/c/masculino/bermuda-e-short/surf/-/N-1c1m89w""","""hurley.com.br"":""https://hurley.com.br/collections/bermudas-masculinas""
""ripcurl.com.br"":""https://www.ripcurl.com.br/masculino/confeccao/bermudas""
""osklen.com.br"":""https://www.osklen.com.br/bermudas-masculino""
""billabong.com.br"":""https://www.billabong.com.br/bb/masculino/bermudas""
""netshoes.com.br"":""https://www.netshoes.com.br/surf/bermudas""
""hangloose.com.br"":""https://hangloose.com.br/collections/bermudas""
""surftrip.com.br"":""https://www.surftrip.com.br/masculino/bermudas""
""redley.com.br"":""https://www.redley.com.br/masculino/bermudas""
""lojasrenner.com.br"":""https://www.lojasrenner.com.br/c/masculino/bermuda-e-short/surf/-/N-1c1m89w""
""mormaiishop.com.br"":""https://www.mormaiishop.com.br/neoprene-masculino/surf/bermuda"""
br,bermuda para surfista,bermuda neoprene,bermuda surf,bermudas e shorts de neoprene,Sub page,,110,9,0.00,0.00,0,Commercial,"Image Pack, Site Links, Video, Image, Popular Products, Related Searches","0.00,0.00,0.01,0.00,0.00,0.44,0.35,0.00,0.35,0.00,0.00,0.81",,"""hurley.com.br"":""https://hurley.com.br/collections/bermudas-masculinas""
""hangloose.com.br"":""https://hangloose.com.br/collections/bermudas""
""mormaiishop.com.br"":""https://www.mormaiishop.com.br/neoprene-masculino/surf/bermuda""
""billabong.com.br"":""https://www.billabong.com.br/bb/masculino/bermudas""
""quiksilver.com.br"":""https://www.quiksilver.com.br/qs/masculino/bermudas""
""osklen.com.br"":""https://www.osklen.com.br/bermudas-masculino""
""rusty.com.br"":""https://rusty.com.br/collections/bermudas-masculinas""
""surftrip.com.br"":""https://www.surftrip.com.br/masculino/bermudas""
""ripcurl.com.br"":""https://www.ripcurl.com.br/masculino/confeccao/bermudas""
""lojasrenner.com.br"":""https://www.lojasrenner.com.br/c/masculino/bermuda-e-short/surf/-/N-1c1m89w""","""hurley.com.br"":""https://hurley.com.br/collections/bermudas-masculinas""
""surftrip.com.br"":""https://www.surftrip.com.br/masculino/bermudas""
""osklen.com.br"":""https://www.osklen.com.br/bermudas-masculino""
""hangloose.com.br"":""https://hangloose.com.br/collections/bermudas""
""quiksilver.com.br"":""https://www.quiksilver.com.br/qs/masculino/bermudas""
""billabong.com.br"":""https://www.billabong.com.br/bb/masculino/bermudas""
""lista.mercadolivre.com.br"":""https://lista.mercadolivre.com.br/bermuda-surf""
""mormaiishop.com.br"":""https://www.mormaiishop.com.br/neoprene-masculino/surf/bermuda""
""cea.com.br"":""https://www.cea.com.br/search/bermudas%20surf%20masculina""
""cea.com.br"":""https://www.cea.com.br/search/bermudas%20surf%20masculina"""
br,calça de natação,roupa de natação masculino,calça de natação,neoprene para natação e triathlon,Sub page,,90,12,0.00,0.00,0,"Informational, Commercial","Image Pack, Site Links, Video, Image, Popular Products, Related Searches","0.78,0.78,0.78,0.78,1.00,0.64,0.50,0.50,0.64,0.78,0.64,0.64",,"""netshoes.com.br"":""https://www.netshoes.com.br/busca/calca-termica-para-natacao""
""arenawaterinstinct.com.br"":""https://www.arenawaterinstinct.com.br/masculino""
""hidromania.com.br"":""https://www.hidromania.com.br/calcas/""
""lista.mercadolivre.com.br"":""https://lista.mercadolivre.com.br/calca-de-natacao""
""kanxalojista.com.br"":""https://www.kanxalojista.com.br/produto/calca-masculina-treino/""
""magazineluiza.com.br"":""https://www.magazineluiza.com.br/busca/calca+natacao/""
""tudoparanatacao.com.br"":""https://www.tudoparanatacao.com.br/calca-de-natacao-fast-skin-yingfa""
""shopee.com.br"":""https://shopee.com.br/search?keyword=Calca%20De%20Natacao&utm_campaign=-&utm_content=TenhoTudoSobreTTS2024MASTERv5-calcadenatacao&utm_medium%3Daffiliates&utm_source=an%5F18375340002""
""lista.mercadolivre.com.br"":""https://lista.mercadolivre.com.br/cal%C3%A7a-nata%C3%A7%C3%A3o""
""centauro.com.br"":""https://www.centauro.com.br/nav/produto/calca/produto/toucadenatacao/genero/masculino""","""netshoes.com.br"":""https://www.netshoes.com.br/busca/calca-termica-para-natacao""
""hidromania.com.br"":""https://www.hidromania.com.br/calcas/""
""arenawaterinstinct.com.br"":""https://www.arenawaterinstinct.com.br/masculino""
""lista.mercadolivre.com.br"":""https://lista.mercadolivre.com.br/calca-de-natacao""
""kanxalojista.com.br"":""https://www.kanxalojista.com.br/produto/calca-masculina-treino/""
""tudoparanatacao.com.br"":""https://www.tudoparanatacao.com.br/calca-de-natacao-fast-skin-yingfa""
""shopee.com.br"":""https://shopee.com.br/search?keyword=Calca%20De%20Natacao&utm_campaign=-&utm_content=TenhoTudoSobreTTS2024MASTERv5-calcadenatacao&utm_medium%3Daffiliates&utm_source=an%5F18375340002""
""magazineluiza.com.br"":""https://www.magazineluiza.com.br/busca/calca+natacao/""
""lista.mercadolivre.com.br"":""https://lista.mercadolivre.com.br/cal%C3%A7a-nata%C3%A7%C3%A3o""
""dropwind.com.br"":""https://www.dropwind.com.br/calca-lycra-protecao-uv"""
br,calça para natação,roupa de natação masculino,calça de natação,neoprene para natação e triathlon,Sub page,,90,21,0.00,0.00,0,Commercial,"Image Pack, People Also Ask, Site Links, Video, Image, Popular Products, Related Searches","0.82,0.82,0.41,0.41,0.52,0.52,0.41,0.29,0.41,0.52,0.41,0.41",,"""netshoes.com.br"":""https://www.netshoes.com.br/busca/calca-termica-para-natacao""
""arenawaterinstinct.com.br"":""https://www.arenawaterinstinct.com.br/masculino""
""hidromania.com.br"":""https://www.hidromania.com.br/calcas/""
""lista.mercadolivre.com.br"":""https://lista.mercadolivre.com.br/calca-de-natacao""
""kanxalojista.com.br"":""https://www.kanxalojista.com.br/produto/calca-masculina-treino/""
""magazineluiza.com.br"":""https://www.magazineluiza.com.br/busca/calca+natacao/""
""tudoparanatacao.com.br"":""https://www.tudoparanatacao.com.br/calca-de-natacao-fast-skin-yingfa""
""shopee.com.br"":""https://shopee.com.br/search?keyword=Calca%20De%20Natacao&utm_campaign=-&utm_content=TenhoTudoSobreTTS2024MASTERv5-calcadenatacao&utm_medium%3Daffiliates&utm_source=an%5F18375340002""
""lista.mercadolivre.com.br"":""https://lista.mercadolivre.com.br/cal%C3%A7a-nata%C3%A7%C3%A3o""
""centauro.com.br"":""https://www.centauro.com.br/nav/produto/calca/produto/toucadenatacao/genero/masculino""","""netshoes.com.br"":""https://www.netshoes.com.br/busca/calca-termica-para-natacao""
""arenawaterinstinct.com.br"":""https://www.arenawaterinstinct.com.br/masculino""
""hidromania.com.br"":""https://www.hidromania.com.br/calcas/""
""lista.mercadolivre.com.br"":""https://lista.mercadolivre.com.br/calca-de-natacao""
""magazineluiza.com.br"":""https://www.magazineluiza.com.br/busca/calca+natacao/""
""kanxalojista.com.br"":""https://www.kanxalojista.com.br/produto/calca-masculina-treino/""
""centauro.com.br"":""https://www.centauro.com.br/nav/produto/calca/produto/toucadenatacao/genero/masculino""
""tudoparanatacao.com.br"":""https://www.tudoparanatacao.com.br/calca-de-natacao-fast-skin-yingfa""
""shopee.com.br"":""https://shopee.com.br/search?keyword=Calca%20De%20Natacao&utm_campaign=-&utm_content=TenhoTudoSobreTTS2024MASTERv5-calcadenatacao&utm_medium%3Daffiliates&utm_source=an%5F18375340002""
""lista.mercadolivre.com.br"":""https://lista.mercadolivre.com.br/cal%C3%A7a-nata%C3%A7%C3%A3o"""
br,camisa termica praia,camisa natação neoprene,camisa termica praia,camisas de neoprene para surf e esportes aquáticos,Sub page,,140,23,0.00,0.00,0,Informational,"Image Pack, Site Links, Video, Image, Popular Products, Related Searches","0.43,0.43,0.35,0.43,0.43,0.35,0.22,0.18,0.14,0.14,0.18,0.14",,"""lista.mercadolivre.com.br"":""https://lista.mercadolivre.com.br/camisa-termica-para-praia""
""netshoes.com.br"":""https://www.netshoes.com.br/busca/camisa-termica""
""dafiti.com.br"":""https://www.dafiti.com.br/camisa-termica/""
""youtube.com"":""https://www.youtube.com/watch?v=gJM7jTWVGio""
""centauro.com.br"":""https://www.centauro.com.br/nav/produto/camisatermica""
""litoraneus.com"":""https://www.litoraneus.com/search/?q=Camisa%20termica""
""lista.mercadolivre.com.br"":""https://lista.mercadolivre.com.br/camisa-termica""
""litoraneus.com"":""https://litoraneus.com/search/?q=Camisa%20termica""
""shopee.com.br"":""https://shopee.com.br/Camisa-T%C3%A9rmica-Feminina-Prote%C3%A7%C3%A3o-Uv-50-Moda-Praia-i.343817613.23797154831""
""shopee.com.br"":""https://shopee.com.br/Camisa-T%C3%A9rmica-Masculina-Segunda-Pele-Praia-Surf-Prote%C3%A7%C3%A3o-Uv-50-Mvb-Modas-i.392227479.5485173462""","""lista.mercadolivre.com.br"":""https://lista.mercadolivre.com.br/camisa-termica-para-praia""
""litoraneus.com"":""https://www.litoraneus.com/search/?q=Camisa%20termica""
""lista.mercadolivre.com.br"":""https://lista.mercadolivre.com.br/camisa-termica""
""netshoes.com.br"":""https://www.netshoes.com.br/busca/camisa-termica""
""youtube.com"":""https://www.youtube.com/watch?v=gJM7jTWVGio""
""shopee.com.br"":""https://shopee.com.br/Camisa-T%C3%A9rmica-Masculina-Segunda-Pele-Praia-Surf-Prote%C3%A7%C3%A3o-Uv-50-Mvb-Modas-i.392227479.5485173462""
""dafiti.com.br"":""https://www.dafiti.com.br/camisa-termica/""
""amazon.com.br"":""https://www.amazon.com.br/camisa-termica-masculina-manga-curta/s?k=camisa+termica+masculina+manga+curta""
""zattini.com.br"":""https://www.zattini.com.br/busca/camisa-termica-protecao-masculina""
""instagram.com"":""https://www.instagram.com/reel/DE7pxsmRfLf/"""
br,camisa termica para praia,camisa natação neoprene,camisa termica praia,camisas de neoprene para surf e esportes aquáticos,Sub page,,90,25,0.00,0.00,0,Commercial,"Image Pack, People Also Ask, Site Links, Video, Image, Popular Products, Related Searches","0.65,0.65,0.53,0.42,0.26,0.15,0.15,0.26,0.19,0.26,0.42,0.53",,"""lista.mercadolivre.com.br"":""https://lista.mercadolivre.com.br/camisa-termica-para-praia""
""netshoes.com.br"":""https://www.netshoes.com.br/busca/camisa-termica""
""dafiti.com.br"":""https://www.dafiti.com.br/camisa-termica/""
""youtube.com"":""https://www.youtube.com/watch?v=gJM7jTWVGio""
""centauro.com.br"":""https://www.centauro.com.br/nav/produto/camisatermica""
""litoraneus.com"":""https://www.litoraneus.com/search/?q=Camisa%20termica""
""lista.mercadolivre.com.br"":""https://lista.mercadolivre.com.br/camisa-termica""
""litoraneus.com"":""https://litoraneus.com/search/?q=Camisa%20termica""
""shopee.com.br"":""https://shopee.com.br/Camisa-T%C3%A9rmica-Feminina-Prote%C3%A7%C3%A3o-Uv-50-Moda-Praia-i.343817613.23797154831""
""shopee.com.br"":""https://shopee.com.br/Camisa-T%C3%A9rmica-Masculina-Segunda-Pele-Praia-Surf-Prote%C3%A7%C3%A3o-Uv-50-Mvb-Modas-i.392227479.5485173462""","""centauro.com.br"":""https://www.centauro.com.br/nav/produto/camisatermica""
""lista.mercadolivre.com.br"":""https://lista.mercadolivre.com.br/camisa-termica-para-praia""
""litoraneus.com"":""https://litoraneus.com/search/?q=Camisa%20termica""
""shopee.com.br"":""https://shopee.com.br/Camisa-T%C3%A9rmica-Feminina-Prote%C3%A7%C3%A3o-Uv-50-Moda-Praia-i.343817613.23797154831""
""netshoes.com.br"":""https://www.netshoes.com.br/busca/camisa-termica""
""dafiti.com.br"":""https://www.dafiti.com.br/camisa-termica/""
""lista.mercadolivre.com.br"":""https://lista.mercadolivre.com.br/camisa-termica-feminina-praia""
""youtube.com"":""https://www.youtube.com/watch?v=gJM7jTWVGio""
""amazon.com.br"":""https://www.amazon.com.br/camisa-termica-manga-longa/s?k=camisa+termica+manga+longa""
""instagram.com"":""https://www.instagram.com/reel/DLmjJMrsDH3/"""
br,camiseta natação,roupa de natação masculino,camiseta natação,camisas de neoprene para surf e esportes aquáticos,Sub page,,320,21,0.00,0.00,0,"Informational, Commercial","Image Pack, Video Carousel, Site Links, Video, Image, Popular Products, Related Searches","0.54,0.66,1.00,0.35,0.44,0.54,0.44,0.54,0.44,0.44,0.28,0.28",,"""netshoes.com.br"":""https://www.netshoes.com.br/busca/camisa-termica-para-natacao""
""centauro.com.br"":""https://www.centauro.com.br/nav/produto/camisatermica/produto/kitdenatacao""
""lista.mercadolivre.com.br"":""https://lista.mercadolivre.com.br/camisa-termica-para-nata%C3%A7%C3%A3o""
""nike.com.br"":""https://www.nike.com.br/nav/categorias/camisetas/esportes/natacaopraia""
""amazon.com.br"":""https://www.amazon.com.br/camisa-nata%C3%A7%C3%A3o-masculina/s?k=camisa+nata%C3%A7%C3%A3o+masculina""
""loja.oficialdoubleh.com.br"":""https://loja.oficialdoubleh.com.br/moda/camisetas/""
""arenawaterinstinct.com.br"":""https://www.arenawaterinstinct.com.br/masculino""
""shopee.com.br"":""https://shopee.com.br/Camiseta-Feminina-T%C3%A9rmica-Prote%C3%A7%C3%A3o-Solar-Praia-Nata%C3%A7%C3%A3o-Ver%C3%A3o-2023-i.384517970.23092374075""
""finisbr.com"":""https://finisbr.com/produtos/thermal-shirt-roupa-termica/""
""atleticaesportes.com.br"":""https://www.atleticaesportes.com.br/masculino-roupas-esportivas-camisa-lycra-lycra-surf-waves-atletica-esportes-p227""","""netshoes.com.br"":""https://www.netshoes.com.br/busca/camisa-termica-para-natacao""
""centauro.com.br"":""https://www.centauro.com.br/nav/produto/camisatermica/produto/kitdenatacao""
""arenawaterinstinct.com.br"":""https://www.arenawaterinstinct.com.br/masculino""
""nike.com.br"":""https://www.nike.com.br/nav/categorias/camisetas/esportes/natacaopraia""
""shopee.com.br"":""https://shopee.com.br/Camiseta-Feminina-T%C3%A9rmica-Prote%C3%A7%C3%A3o-Solar-Praia-Nata%C3%A7%C3%A3o-Ver%C3%A3o-2023-i.384517970.23092374075""
""loja.oficialdoubleh.com.br"":""https://loja.oficialdoubleh.com.br/moda/camisetas/""
""amazon.com.br"":""https://www.amazon.com.br/camisa-nata%C3%A7%C3%A3o-masculina/s?k=camisa+nata%C3%A7%C3%A3o+masculina""
""lista.mercadolivre.com.br"":""https://lista.mercadolivre.com.br/camisa-termica-para-nata%C3%A7%C3%A3o""
""loja.oficialdoubleh.com.br"":""https://loja.oficialdoubleh.com.br/moda/camisetas/""
""amazon.com.br"":""https://www.amazon.com.br/camiseta-nata%C3%A7%C3%A3o/s?k=camiseta+nata%C3%A7%C3%A3o"""
br,blusa para natação,camisa natação neoprene,camiseta natação,camisas de neoprene para surf e esportes aquáticos,Sub page,,140,20,0.00,0.00,0,Informational,"Image Pack, Video Carousel, Site Links, Video, Image, Popular Products, Related Searches","0.80,1.00,0.52,0.52,0.80,0.80,0.66,0.52,0.80,0.66,0.52,0.52",,"""netshoes.com.br"":""https://www.netshoes.com.br/busca/camisa-termica-para-natacao""
""centauro.com.br"":""https://www.centauro.com.br/nav/produto/camisatermica/produto/kitdenatacao""
""lista.mercadolivre.com.br"":""https://lista.mercadolivre.com.br/camisa-termica-para-nata%C3%A7%C3%A3o""
""nike.com.br"":""https://www.nike.com.br/nav/categorias/camisetas/esportes/natacaopraia""
""amazon.com.br"":""https://www.amazon.com.br/camisa-nata%C3%A7%C3%A3o-masculina/s?k=camisa+nata%C3%A7%C3%A3o+masculina""
""loja.oficialdoubleh.com.br"":""https://loja.oficialdoubleh.com.br/moda/camisetas/""
""arenawaterinstinct.com.br"":""https://www.arenawaterinstinct.com.br/masculino""
""shopee.com.br"":""https://shopee.com.br/Camiseta-Feminina-T%C3%A9rmica-Prote%C3%A7%C3%A3o-Solar-Praia-Nata%C3%A7%C3%A3o-Ver%C3%A3o-2023-i.384517970.23092374075""
""finisbr.com"":""https://finisbr.com/produtos/thermal-shirt-roupa-termica/""
""atleticaesportes.com.br"":""https://www.atleticaesportes.com.br/masculino-roupas-esportivas-camisa-lycra-lycra-surf-waves-atletica-esportes-p227""","""netshoes.com.br"":""https://www.netshoes.com.br/busca/camisa-termica-para-natacao""
""centauro.com.br"":""https://www.centauro.com.br/nav/produto/camisatermica/produto/kitdenatacao""
""quisty.com.br"":""https://www.quisty.com.br/aquaticos/camiseta-natacao""
""nike.com.br"":""https://www.nike.com.br/nav/categorias/camisetas/esportes/natacaopraia""
""shopee.com.br"":""https://shopee.com.br/Camiseta-Feminina-T%C3%A9rmica-Prote%C3%A7%C3%A3o-Solar-Praia-Nata%C3%A7%C3%A3o-Ver%C3%A3o-2023-i.384517970.23092374075""
""lista.mercadolivre.com.br"":""https://lista.mercadolivre.com.br/camisa-termica-para-nata%C3%A7%C3%A3o""
""loja.oficialdoubleh.com.br"":""https://loja.oficialdoubleh.com.br/moda/camisetas/""
""lista.mercadolivre.com.br"":""https://lista.mercadolivre.com.br/camiseta-impermeavel-para-natacao""
""finisbr.com"":""https://finisbr.com/produtos/thermal-shirt-roupa-termica/""
""amazon.com.br"":""https://www.amazon.com.br/camisa-neoprene-nata%C3%A7%C3%A3o/s?k=camisa+neoprene+nata%C3%A7%C3%A3o"""
br,camisa termica natação,camisa natação neoprene,camiseta natação,camisas de neoprene para surf e esportes aquáticos,Sub page,,140,23,0.00,0.00,0,Informational,"Image Pack, Video Carousel, People Also Ask, Site Links, Video, Image, Popular Products, Related Searches","0.43,0.34,0.43,0.34,0.34,0.34,0.43,0.43,0.53,0.53,0.53,0.43",,"""netshoes.com.br"":""https://www.netshoes.com.br/busca/camisa-termica-para-natacao""
""centauro.com.br"":""https://www.centauro.com.br/nav/produto/camisatermica/produto/kitdenatacao""
""lista.mercadolivre.com.br"":""https://lista.mercadolivre.com.br/camisa-termica-para-nata%C3%A7%C3%A3o""
""nike.com.br"":""https://www.nike.com.br/nav/categorias/camisetas/esportes/natacaopraia""
""amazon.com.br"":""https://www.amazon.com.br/camisa-nata%C3%A7%C3%A3o-masculina/s?k=camisa+nata%C3%A7%C3%A3o+masculina""
""loja.oficialdoubleh.com.br"":""https://loja.oficialdoubleh.com.br/moda/camisetas/""
""arenawaterinstinct.com.br"":""https://www.arenawaterinstinct.com.br/masculino""
""shopee.com.br"":""https://shopee.com.br/Camiseta-Feminina-T%C3%A9rmica-Prote%C3%A7%C3%A3o-Solar-Praia-Nata%C3%A7%C3%A3o-Ver%C3%A3o-2023-i.384517970.23092374075""
""finisbr.com"":""https://finisbr.com/produtos/thermal-shirt-roupa-termica/""
""atleticaesportes.com.br"":""https://www.atleticaesportes.com.br/masculino-roupas-esportivas-camisa-lycra-lycra-surf-waves-atletica-esportes-p227""","""centauro.com.br"":""https://www.centauro.com.br/nav/produto/camisatermica/produto/kitdenatacao""
""netshoes.com.br"":""https://www.netshoes.com.br/busca/camisa-termica-para-natacao""
""finisbr.com"":""https://finisbr.com/produtos/thermal-shirt-roupa-termica/""
""lista.mercadolivre.com.br"":""https://lista.mercadolivre.com.br/camisa-termica-para-nata%C3%A7%C3%A3o""
""amazon.com.br"":""https://www.amazon.com.br/camisa-nata%C3%A7%C3%A3o-masculina/s?k=camisa+nata%C3%A7%C3%A3o+masculina""
""loja.oficialdoubleh.com.br"":""https://loja.oficialdoubleh.com.br/produtos/camisa-termica-de-natacao-lisa-preta/""
""shopee.com.br"":""https://shopee.com.br/search?keyword=Camisa%20Para%20Natacao&utm_campaign=-&utm_content=TenhoTudoSobreTTS2024MASTERv5-camisaparanatacao&utm_medium%3Daffiliates&utm_source=an%5F18375340002""
""zattini.com.br"":""https://www.zattini.com.br/busca/camisa-termica-50-natacao""
""magazineluiza.com.br"":""https://www.magazineluiza.com.br/busca/camisa+termica+neoprene+natacao/""
""youtube.com"":""https://www.youtube.com/watch?v=gJM7jTWVGio"""
br,camisa natação masculina,roupa de natação masculino,camiseta natação,camisas de neoprene para surf e esportes aquáticos,Sub page,,90,21,0.00,0.00,0,Informational,"Image Pack, People Also Ask, Site Links, Video, Image, Popular Products, Related Searches","0.33,0.33,0.33,0.52,0.80,0.80,0.66,0.66,0.42,0.14,0.33,0.42",,"""netshoes.com.br"":""https://www.netshoes.com.br/busca/camisa-termica-para-natacao""
""centauro.com.br"":""https://www.centauro.com.br/nav/produto/camisatermica/produto/kitdenatacao""
""lista.mercadolivre.com.br"":""https://lista.mercadolivre.com.br/camisa-termica-para-nata%C3%A7%C3%A3o""
""nike.com.br"":""https://www.nike.com.br/nav/categorias/camisetas/esportes/natacaopraia""
""amazon.com.br"":""https://www.amazon.com.br/camisa-nata%C3%A7%C3%A3o-masculina/s?k=camisa+nata%C3%A7%C3%A3o+masculina""
""loja.oficialdoubleh.com.br"":""https://loja.oficialdoubleh.com.br/moda/camisetas/""
""arenawaterinstinct.com.br"":""https://www.arenawaterinstinct.com.br/masculino""
""shopee.com.br"":""https://shopee.com.br/Camiseta-Feminina-T%C3%A9rmica-Prote%C3%A7%C3%A3o-Solar-Praia-Nata%C3%A7%C3%A3o-Ver%C3%A3o-2023-i.384517970.23092374075""
""finisbr.com"":""https://finisbr.com/produtos/thermal-shirt-roupa-termica/""
""atleticaesportes.com.br"":""https://www.atleticaesportes.com.br/masculino-roupas-esportivas-camisa-lycra-lycra-surf-waves-atletica-esportes-p227""","""netshoes.com.br"":""https://www.netshoes.com.br/busca/camisa-termica-para-natacao""
""atleticaesportes.com.br"":""https://www.atleticaesportes.com.br/masculino-roupas-esportivas-camisa-lycra-lycra-surf-waves-atletica-esportes-p227""
""instagram.com"":""https://www.instagram.com/reel/DEgDqKOBiXA/""
""arenawaterinstinct.com.br"":""https://www.arenawaterinstinct.com.br/masculino""
""lista.mercadolivre.com.br"":""https://lista.mercadolivre.com.br/camisa-de-natacao-masculina""
""hammerhead.com.br"":""https://www.hammerhead.com.br/masculino""
""mormaiishop.com.br"":""https://www.mormaiishop.com.br/camiseta-masculina-manga-curta-nadador-natacao-mormaii-31312283/p""
""amazon.com.br"":""https://www.amazon.com.br/camisa-nata%C3%A7%C3%A3o-masculina/s?k=camisa+nata%C3%A7%C3%A3o+masculina""
""shopee.com.br"":""https://shopee.com.br/Blusa-Masculina-Camisa-Prote%C3%A7%C3%A3o-Solar-Uv-50-Praia-Piscina-Nata%C3%A7%C3%A3o-i.384517970.23797692696""
""nike.com.br"":""https://www.nike.com.br/nav/categorias/camisetas/esportes/natacaopraia"""
br,camiseta neoprene,,camiseta neoprene,camisas de neoprene para surf e esportes aquáticos,Pillar page,,210,10,0.00,0.00,0,Informational,"Image Pack, Site Links, Video, Image, Popular Products, Related Searches","0.23,0.28,0.44,0.35,0.35,0.35,0.66,0.81,0.35,0.44,0.15,0.28",,"""mormaiishop.com.br"":""https://www.mormaiishop.com.br/neoprene-masculino/surf/camiseta-neoprene""
""onlysurf.com.br"":""https://www.onlysurf.com.br/jaqueta-neoprene-vest-camisa-surf""
""lista.mercadolivre.com.br"":""https://lista.mercadolivre.com.br/camiseta-neoprene-surf""
""ripcurl.com.br"":""https://www.ripcurl.com.br/masculino/roupas-de-borracha""
""cressi.com.br"":""https://www.cressi.com.br/collections/mergulho-neoprene-camiseta""
""netshoes.com.br"":""https://www.netshoes.com.br/busca/camisa-termica-neoprene""
""decathlon.com.br"":""https://www.decathlon.com.br/top-neothermique-ml-f-violetr/p""
""overboard.com.br"":""https://www.overboard.com.br/equipamentos/surf/camiseta-neoprene""
""hurley.com.br"":""https://hurley.com.br/collections/jaqueta-neoprene-masculina""
""decathlon.com.br"":""https://www.decathlon.com.br/camiseta-masculina-de-surf-e-bodyboard-termica-neoprene-900-azul-8645542-olaian/p""","""mormaiishop.com.br"":""https://www.mormaiishop.com.br/neoprene-masculino/surf/camiseta-neoprene""
""onlysurf.com.br"":""https://www.onlysurf.com.br/jaqueta-neoprene-vest-camisa-surf""
""lista.mercadolivre.com.br"":""https://lista.mercadolivre.com.br/camiseta-neoprene-surf""
""overboard.com.br"":""https://www.overboard.com.br/equipamentos/surf/camiseta-neoprene""
""ripcurl.com.br"":""https://www.ripcurl.com.br/masculino/roupas-de-borracha""
""decathlon.com.br"":""https://www.decathlon.com.br/camiseta-masculina-de-surf-e-bodyboard-termica-neoprene-900-azul-8645542-olaian/p""
""netshoes.com.br"":""https://www.netshoes.com.br/busca/camisa-termica-neoprene""
""brkite.com"":""https://www.brkite.com/wetsuits/tops""
""cressi.com.br"":""https://www.cressi.com.br/collections/mergulho-neoprene-camiseta""
""shopee.com.br"":""https://shopee.com.br/Camisa-100-Neoprene-Manga-Longa-1mm-Flexxa-Surf-Mormaii-i.311619556.23297713627"""
br,blusa neoprene,camiseta neoprene,camiseta neoprene,camisas de neoprene para surf e esportes aquáticos,Pillar page,,170,10,0.00,0.00,0,"Informational, Commercial","Image Pack, Site Links, Video, Image, Popular Products, Related Searches","0.35,0.28,0.23,0.35,0.43,0.66,0.66,0.82,0.43,0.28,0.28,0.28",,"""mormaiishop.com.br"":""https://www.mormaiishop.com.br/neoprene-masculino/surf/camiseta-neoprene""
""onlysurf.com.br"":""https://www.onlysurf.com.br/jaqueta-neoprene-vest-camisa-surf""
""lista.mercadolivre.com.br"":""https://lista.mercadolivre.com.br/camiseta-neoprene-surf""
""ripcurl.com.br"":""https://www.ripcurl.com.br/masculino/roupas-de-borracha""
""cressi.com.br"":""https://www.cressi.com.br/collections/mergulho-neoprene-camiseta""
""netshoes.com.br"":""https://www.netshoes.com.br/busca/camisa-termica-neoprene""
""decathlon.com.br"":""https://www.decathlon.com.br/top-neothermique-ml-f-violetr/p""
""overboard.com.br"":""https://www.overboard.com.br/equipamentos/surf/camiseta-neoprene""
""hurley.com.br"":""https://hurley.com.br/collections/jaqueta-neoprene-masculina""
""decathlon.com.br"":""https://www.decathlon.com.br/camiseta-masculina-de-surf-e-bodyboard-termica-neoprene-900-azul-8645542-olaian/p""","""mormaiishop.com.br"":""https://www.mormaiishop.com.br/neoprene-masculino/surf/camiseta-neoprene""
""onlysurf.com.br"":""https://www.onlysurf.com.br/jaqueta-neoprene-vest-camisa-surf""
""lista.mercadolivre.com.br"":""https://lista.mercadolivre.com.br/camiseta-neoprene-surf""
""decathlon.com.br"":""https://www.decathlon.com.br/top-neothermique-ml-f-violetr/p""
""cressi.com.br"":""https://www.cressi.com.br/collections/mergulho-neoprene-camiseta""
""hurley.com.br"":""https://hurley.com.br/collections/jaqueta-neoprene-masculina""
""netshoes.com.br"":""https://www.netshoes.com.br/busca/camisa-termica-neoprene""
""ripcurl.com.br"":""https://www.ripcurl.com.br/masculino/roupas-de-borracha""
""mormaiishop.com.br"":""https://www.mormaiishop.com.br/camiseta%20manga%20curta/neoprene-masculino?map=ft%2Ccategory-1""
""pusco.com.br"":""https://www.pusco.com.br/blusa-tule-desenho-neoprene-ml---preto-0000510101/p"""
br,equipamentos para natação,roupa aquatica,equipamentos para natação,neoprene para natação e triathlon,Sub page,,260,12,0.00,0.00,0,Informational,"Video Carousel, AI Overview, Site Links, Video, Popular Products, Related Searches","1.00,0.66,0.53,0.66,0.82,0.82,0.66,0.82,0.53,0.53,0.66,0.82",,"""arenawaterinstinct.com.br"":""https://www.arenawaterinstinct.com.br/equipamentos""
""hammerhead.com.br"":""https://www.hammerhead.com.br/natacao""
""speedo.com.br"":""https://www.speedo.com.br/equipamentos""
""decathlon.com.br"":""https://www.decathlon.com.br/esportes/natacao""
""proswim.com.br"":""https://proswim.com.br/""
""medinas.com.br"":""https://www.medinas.com.br/acessorios-de-natacao""
""arenawaterinstinct.com.br"":""https://www.arenawaterinstinct.com.br/""
""tyrsport.com.br"":""https://tyrsport.com.br/collections/equipamentos-equipamento-de-natacao""
""mormaiishop.com.br"":""https://www.mormaiishop.com.br/equipamentos-unissex-adulto/para-natacao""
""centauro.com.br"":""https://www.centauro.com.br/nav/categorias/acessorios/esportes/natacao""","""speedo.com.br"":""https://www.speedo.com.br/equipamentos""
""arenawaterinstinct.com.br"":""https://www.arenawaterinstinct.com.br/equipamentos""
""hammerhead.com.br"":""https://www.hammerhead.com.br/natacao""
""decathlon.com.br"":""https://www.decathlon.com.br/esportes/natacao""
""mormaiishop.com.br"":""https://www.mormaiishop.com.br/equipamentos-unissex-adulto/para-natacao""
""arenawaterinstinct.com.br"":""https://www.arenawaterinstinct.com.br/""
""medinas.com.br"":""https://www.medinas.com.br/acessorios-de-natacao""
""proswim.com.br"":""https://proswim.com.br/""
""tyrsport.com.br"":""https://tyrsport.com.br/collections/equipamentos-equipamento-de-natacao""
""tyrsport.com.br"":""https://tyrsport.com.br/collections/equipamentos-equipamento-de-natacao"""
br,equipamentos para natacao,roupa de nadador,equipamentos para natação,neoprene para natação e triathlon,Sub page,,140,9,0.00,0.00,0,"Informational, Commercial","Image Pack, Video Carousel, AI Overview, Site Links, Video, Related Searches","0.21,0.15,0.15,0.12,0.21,0.28,1.00,0.65,0.65,0.81,0.81,0.81",,"""arenawaterinstinct.com.br"":""https://www.arenawaterinstinct.com.br/equipamentos""
""hammerhead.com.br"":""https://www.hammerhead.com.br/natacao""
""speedo.com.br"":""https://www.speedo.com.br/equipamentos""
""decathlon.com.br"":""https://www.decathlon.com.br/esportes/natacao""
""proswim.com.br"":""https://proswim.com.br/""
""medinas.com.br"":""https://www.medinas.com.br/acessorios-de-natacao""
""arenawaterinstinct.com.br"":""https://www.arenawaterinstinct.com.br/""
""tyrsport.com.br"":""https://tyrsport.com.br/collections/equipamentos-equipamento-de-natacao""
""mormaiishop.com.br"":""https://www.mormaiishop.com.br/equipamentos-unissex-adulto/para-natacao""
""centauro.com.br"":""https://www.centauro.com.br/nav/categorias/acessorios/esportes/natacao""","""arenawaterinstinct.com.br"":""https://www.arenawaterinstinct.com.br/equipamentos""
""hammerhead.com.br"":""https://www.hammerhead.com.br/natacao""
""decathlon.com.br"":""https://www.decathlon.com.br/esportes/natacao""
""proswim.com.br"":""https://proswim.com.br/""
""speedo.com.br"":""https://www.speedo.com.br/equipamentos""
""medinas.com.br"":""https://www.medinas.com.br/acessorios-de-natacao""
""centauro.com.br"":""https://www.centauro.com.br/nav/categorias/acessorios/esportes/natacao""
""sportbr.com.br"":""https://www.sportbr.com.br/collections/natacao""
""arenawaterinstinct.com.br"":""https://www.arenawaterinstinct.com.br/""
""homesportcenter.com.br"":""https://www.homesportcenter.com.br/equipamentos/natacao-e-hidroginastica"""
br,roupa de surf john,roupa de neoprene surf,long john,"roupas de neoprene completas (long johns, macacões)",Pillar page,,90,8,0.00,0.00,0,Commercial,"Image Pack, Video Carousel, People Also Ask, Site Links, Video, Image, Popular Products, Related Searches","0.50,1.00,0.50,0.50,0.64,0.35,0.50,0.50,0.50,0.64,0.78,0.64",,"""onlysurf.com.br"":""https://www.onlysurf.com.br/wetsuit-long-john-short-sleeve-neoprene-lycra-roupa-borracha-surf""
""ripcurl.com.br"":""https://www.ripcurl.com.br/masculino/roupas-de-borracha/long-johns""
""mormaiishop.com.br"":""https://www.mormaiishop.com.br/neoprene-masculino/surf/long-john""
""starpoint.com.br"":""https://www.starpoint.com.br/surf/roupas-de-borracha""
""ripcurl.com.br"":""https://www.ripcurl.com.br/masculino/roupas-de-borracha""
""hurley.com.br"":""https://hurley.com.br/collections/long-john-masculino""
""hurley.com.br"":""https://hurley.com.br/collections/wetsuits-masculinos""
""surftrip.com.br"":""https://www.surftrip.com.br/esportes/surf/roupa-de-borracha""
""mormaiishop.com.br"":""https://www.mormaiishop.com.br/neoprene-masculino/surf""
""centauro.com.br"":""https://www.centauro.com.br/nav/produto/longjohnshortjohn""","""mormaiishop.com.br"":""https://www.mormaiishop.com.br/neoprene-masculino/surf/long-john""
""onlysurf.com.br"":""https://www.onlysurf.com.br/wetsuit-long-john-short-sleeve-neoprene-lycra-roupa-borracha-surf""
""lista.mercadolivre.com.br"":""https://lista.mercadolivre.com.br/john-surf""
""hurley.com.br"":""https://hurley.com.br/collections/long-john-masculino""
""ripcurl.com.br"":""https://www.ripcurl.com.br/masculino/roupas-de-borracha/long-johns""
""surfalive.com.br"":""https://www.surfalive.com.br/surf/roupa-de-borracha""
""shopee.com.br"":""https://shopee.com.br/Roupa-Unissex-Neoprene-Borracha-Long-John-3mm-nata%C3%A7%C3%A3o-Surf-Mergulho-i.414454049.19598574305""
""starpoint.com.br"":""https://www.starpoint.com.br/surf/roupas-de-borracha""
""lojaoutside.com.br"":""https://www.lojaoutside.com.br/roupas-natacao-long-john-natacao""
""surftrip.com.br"":""https://www.surftrip.com.br/esportes/surf/roupa-de-borracha"""
br,long john,roupa de borracha para surf,long john,"roupas de neoprene completas (long johns, macacões)",Pillar page,,2400,16,0.00,0.00,0,"Informational, Commercial","Image Pack, Video Carousel, People Also Ask, AI Overview, Site Links, Video, Image, Popular Products, Related Searches","0.36,0.65,0.20,0.65,0.54,0.65,0.65,0.54,0.54,0.29,0.43,0.43",,"""onlysurf.com.br"":""https://www.onlysurf.com.br/wetsuit-long-john-short-sleeve-neoprene-lycra-roupa-borracha-surf""
""ripcurl.com.br"":""https://www.ripcurl.com.br/masculino/roupas-de-borracha/long-johns""
""mormaiishop.com.br"":""https://www.mormaiishop.com.br/neoprene-masculino/surf/long-john""
""starpoint.com.br"":""https://www.starpoint.com.br/surf/roupas-de-borracha""
""ripcurl.com.br"":""https://www.ripcurl.com.br/masculino/roupas-de-borracha""
""hurley.com.br"":""https://hurley.com.br/collections/long-john-masculino""
""hurley.com.br"":""https://hurley.com.br/collections/wetsuits-masculinos""
""surftrip.com.br"":""https://www.surftrip.com.br/esportes/surf/roupa-de-borracha""
""mormaiishop.com.br"":""https://www.mormaiishop.com.br/neoprene-masculino/surf""
""centauro.com.br"":""https://www.centauro.com.br/nav/produto/longjohnshortjohn""","""ripcurl.com.br"":""https://www.ripcurl.com.br/masculino/roupas-de-borracha/long-johns""
""hurley.com.br"":""https://hurley.com.br/collections/long-john-masculino""
""mormaiishop.com.br"":""https://www.mormaiishop.com.br/neoprene-masculino/surf/long-john""
""lista.mercadolivre.com.br"":""https://lista.mercadolivre.com.br/long-johns-vedado""
""onlysurf.com.br"":""https://www.onlysurf.com.br/wetsuit-long-john-short-sleeve-neoprene-lycra-roupa-borracha-surf""
""centauro.com.br"":""https://www.centauro.com.br/nav/produto/longjohnshortjohn""
""decathlon.com.br"":""https://www.decathlon.com.br/long-john-masculino-de-mergulho-neoprene-100-8772941-nabaiji/p""
""truzz.com"":""https://www.truzz.com/collections/long-john""
""xcelbrasil.com.br"":""https://www.xcelbrasil.com.br/collections/long-john""
""decathlon.com.br"":""https://www.decathlon.com.br/long-john-masculino-de-mergulho-neoprene-100-8772941-nabaiji/p"""
br,long john john,long john masculino,long john,"roupas de neoprene completas (long johns, macacões)",Pillar page,,1300,13,0.00,0.00,0,Commercial,"Image Pack, Video Carousel, People Also Ask, Site Links, Video, Image, Popular Products, Related Searches","0.00,0.00,0.00,0.00,0.00,0.00,0.66,0.66,0.44,0.52,1.00,0.80",,"""onlysurf.com.br"":""https://www.onlysurf.com.br/wetsuit-long-john-short-sleeve-neoprene-lycra-roupa-borracha-surf""
""ripcurl.com.br"":""https://www.ripcurl.com.br/masculino/roupas-de-borracha/long-johns""
""mormaiishop.com.br"":""https://www.mormaiishop.com.br/neoprene-masculino/surf/long-john""
""starpoint.com.br"":""https://www.starpoint.com.br/surf/roupas-de-borracha""
""ripcurl.com.br"":""https://www.ripcurl.com.br/masculino/roupas-de-borracha""
""hurley.com.br"":""https://hurley.com.br/collections/long-john-masculino""
""hurley.com.br"":""https://hurley.com.br/collections/wetsuits-masculinos""
""surftrip.com.br"":""https://www.surftrip.com.br/esportes/surf/roupa-de-borracha""
""mormaiishop.com.br"":""https://www.mormaiishop.com.br/neoprene-masculino/surf""
""centauro.com.br"":""https://www.centauro.com.br/nav/produto/longjohnshortjohn""","""ripcurl.com.br"":""https://www.ripcurl.com.br/masculino/roupas-de-borracha/long-johns""
""mormaiishop.com.br"":""https://www.mormaiishop.com.br/neoprene-masculino/surf/long-john""
""maresia.com.br"":""https://www.maresia.com.br/categoria/long-john-masculino""
""backwash.com.br"":""https://www.backwash.com.br/esportes/surf/long-john""
""hurley.com.br"":""https://hurley.com.br/collections/long-john-masculino""
""centauro.com.br"":""https://www.centauro.com.br/nav/produto/longjohnshortjohn""
""vissla.com.br"":""https://vissla.com.br/collections/long-john-vissla""
""overboard.com.br"":""https://www.overboard.com.br/long-john""
""truzz.com"":""https://www.truzz.com/collections/long-john""
""mormaiishop.com.br"":""https://www.mormaiishop.com.br/long-john-manga-longa-1mm-flexxxa-pro-uv-suit-surf-mormaii-su001m10fpr5g/p"""
br,roupa de borracha,camiseta neoprene,long john,"roupas de neoprene completas (long johns, macacões)",Pillar page,,590,10,0.00,0.00,0,"Informational, Commercial","Image Pack, People Also Ask, Site Links, Video, Image, Popular Products, Related Searches","0.30,0.36,0.36,0.36,0.45,0.30,0.36,0.55,0.36,0.36,0.55,0.45",,"""onlysurf.com.br"":""https://www.onlysurf.com.br/wetsuit-long-john-short-sleeve-neoprene-lycra-roupa-borracha-surf""
""ripcurl.com.br"":""https://www.ripcurl.com.br/masculino/roupas-de-borracha/long-johns""
""mormaiishop.com.br"":""https://www.mormaiishop.com.br/neoprene-masculino/surf/long-john""
""starpoint.com.br"":""https://www.starpoint.com.br/surf/roupas-de-borracha""
""ripcurl.com.br"":""https://www.ripcurl.com.br/masculino/roupas-de-borracha""
""hurley.com.br"":""https://hurley.com.br/collections/long-john-masculino""
""hurley.com.br"":""https://hurley.com.br/collections/wetsuits-masculinos""
""surftrip.com.br"":""https://www.surftrip.com.br/esportes/surf/roupa-de-borracha""
""mormaiishop.com.br"":""https://www.mormaiishop.com.br/neoprene-masculino/surf""
""centauro.com.br"":""https://www.centauro.com.br/nav/produto/longjohnshortjohn""","""ripcurl.com.br"":""https://www.ripcurl.com.br/masculino/roupas-de-borracha""
""mormaiishop.com.br"":""https://www.mormaiishop.com.br/neoprene-masculino""
""starpoint.com.br"":""https://www.starpoint.com.br/surf/roupas-de-borracha""
""tyrsport.com.br"":""https://tyrsport.com.br/collections/roupa-de-borracha""
""hurley.com.br"":""https://hurley.com.br/collections/wetsuits-masculinos""
""lista.mercadolivre.com.br"":""https://lista.mercadolivre.com.br/roupa-de-borracha-usada""
""surftrip.com.br"":""https://www.surftrip.com.br/esportes/surf/roupa-de-borracha""
""onlysurf.com.br"":""https://www.onlysurf.com.br/wetsuit-long-john-short-sleeve-neoprene-lycra-roupa-borracha-surf""
""blueseventybrasil.com.br"":""https://www.blueseventybrasil.com.br/triathlonaguas-abertas/masculino/roupas-de-borrachawetsuits""
""freesurf.com.br"":""https://freesurf.com.br/esporte/surf/roupas-de-borracha/c"""
br,roupa de borracha surf,camiseta neoprene,long john,"roupas de neoprene completas (long johns, macacões)",Pillar page,,480,9,0.00,0.00,0,Commercial,"Image Pack, Site Links, Video, Image, Popular Products, Related Searches","0.23,0.29,0.29,0.29,0.54,0.29,0.44,0.67,0.67,0.81,1.00,0.67",,"""onlysurf.com.br"":""https://www.onlysurf.com.br/wetsuit-long-john-short-sleeve-neoprene-lycra-roupa-borracha-surf""
""ripcurl.com.br"":""https://www.ripcurl.com.br/masculino/roupas-de-borracha/long-johns""
""mormaiishop.com.br"":""https://www.mormaiishop.com.br/neoprene-masculino/surf/long-john""
""starpoint.com.br"":""https://www.starpoint.com.br/surf/roupas-de-borracha""
""ripcurl.com.br"":""https://www.ripcurl.com.br/masculino/roupas-de-borracha""
""hurley.com.br"":""https://hurley.com.br/collections/long-john-masculino""
""hurley.com.br"":""https://hurley.com.br/collections/wetsuits-masculinos""
""surftrip.com.br"":""https://www.surftrip.com.br/esportes/surf/roupa-de-borracha""
""mormaiishop.com.br"":""https://www.mormaiishop.com.br/neoprene-masculino/surf""
""centauro.com.br"":""https://www.centauro.com.br/nav/produto/longjohnshortjohn""","""ripcurl.com.br"":""https://www.ripcurl.com.br/masculino/roupas-de-borracha""
""onlysurf.com.br"":""https://www.onlysurf.com.br/wetsuit-long-john-short-sleeve-neoprene-lycra-roupa-borracha-surf""
""surftrip.com.br"":""https://www.surftrip.com.br/esportes/surf/roupa-de-borracha""
""mormaiishop.com.br"":""https://www.mormaiishop.com.br/neoprene-masculino/surf""
""lista.mercadolivre.com.br"":""https://lista.mercadolivre.com.br/roupa-de-borracha-surf-usada""
""olx.com.br"":""https://www.olx.com.br/anuncios/roupa-de-borracha-surf""
""hurley.com.br"":""https://hurley.com.br/collections/wetsuits-masculinos""
""starpoint.com.br"":""https://www.starpoint.com.br/surf/roupas-de-borracha""
""freesurf.com.br"":""https://freesurf.com.br/esporte/surf/roupas-de-borracha/c""
""hurley.com.br"":""https://hurley.com.br/blogs/news/roupa-de-borracha-ideal-para-surfar"""
br,long john masculino,roupa de borracha para surf,long john,"roupas de neoprene completas (long johns, macacões)",Pillar page,,480,12,0.00,0.00,0,Commercial,"Image Pack, People Also Ask, Site Links, Video, Image, Popular Products, Related Searches","0.36,0.30,0.36,0.36,0.36,0.20,0.45,0.36,0.36,0.45,0.45,0.36",,"""onlysurf.com.br"":""https://www.onlysurf.com.br/wetsuit-long-john-short-sleeve-neoprene-lycra-roupa-borracha-surf""
""ripcurl.com.br"":""https://www.ripcurl.com.br/masculino/roupas-de-borracha/long-johns""
""mormaiishop.com.br"":""https://www.mormaiishop.com.br/neoprene-masculino/surf/long-john""
""starpoint.com.br"":""https://www.starpoint.com.br/surf/roupas-de-borracha""
""ripcurl.com.br"":""https://www.ripcurl.com.br/masculino/roupas-de-borracha""
""hurley.com.br"":""https://hurley.com.br/collections/long-john-masculino""
""hurley.com.br"":""https://hurley.com.br/collections/wetsuits-masculinos""
""surftrip.com.br"":""https://www.surftrip.com.br/esportes/surf/roupa-de-borracha""
""mormaiishop.com.br"":""https://www.mormaiishop.com.br/neoprene-masculino/surf""
""centauro.com.br"":""https://www.centauro.com.br/nav/produto/longjohnshortjohn""","""hurley.com.br"":""https://hurley.com.br/collections/long-john-masculino""
""ripcurl.com.br"":""https://www.ripcurl.com.br/masculino/roupas-de-borracha/long-johns""
""mormaiishop.com.br"":""https://www.mormaiishop.com.br/neoprene-masculino/surf/long-john""
""centauro.com.br"":""https://www.centauro.com.br/nav/produto/longjohnshortjohn""
""onlysurf.com.br"":""https://www.onlysurf.com.br/wetsuit-long-john-short-sleeve-neoprene-lycra-roupa-borracha-surf""
""surfalive.com.br"":""https://www.surfalive.com.br/surf/roupa-de-borracha/long-john""
""lista.mercadolivre.com.br"":""https://lista.mercadolivre.com.br/long-john""
""olx.com.br"":""https://www.olx.com.br/anuncios/long-john-masculino""
""maresia.com.br"":""https://www.maresia.com.br/categoria/long-john-masculino""
""lojaoutside.com.br"":""https://www.lojaoutside.com.br/roupas-natacao-long-john-natacao"""
br,roupa de borracha para surf,camiseta neoprene,long john,"roupas de neoprene completas (long johns, macacões)",Pillar page,,390,11,0.00,0.00,0,Commercial,"Image Pack, People Also Ask, Site Links, Video, Image, Popular Products, Related Searches","0.35,0.54,0.35,0.66,0.54,0.81,0.66,0.81,1.00,0.54,0.54,0.66",,"""onlysurf.com.br"":""https://www.onlysurf.com.br/wetsuit-long-john-short-sleeve-neoprene-lycra-roupa-borracha-surf""
""ripcurl.com.br"":""https://www.ripcurl.com.br/masculino/roupas-de-borracha/long-johns""
""mormaiishop.com.br"":""https://www.mormaiishop.com.br/neoprene-masculino/surf/long-john""
""starpoint.com.br"":""https://www.starpoint.com.br/surf/roupas-de-borracha""
""ripcurl.com.br"":""https://www.ripcurl.com.br/masculino/roupas-de-borracha""
""hurley.com.br"":""https://hurley.com.br/collections/long-john-masculino""
""hurley.com.br"":""https://hurley.com.br/collections/wetsuits-masculinos""
""surftrip.com.br"":""https://www.surftrip.com.br/esportes/surf/roupa-de-borracha""
""mormaiishop.com.br"":""https://www.mormaiishop.com.br/neoprene-masculino/surf""
""centauro.com.br"":""https://www.centauro.com.br/nav/produto/longjohnshortjohn""","""ripcurl.com.br"":""https://www.ripcurl.com.br/masculino/roupas-de-borracha""
""hurley.com.br"":""https://hurley.com.br/collections/wetsuits-masculinos""
""lista.mercadolivre.com.br"":""https://lista.mercadolivre.com.br/roupa-de-borracha-surf""
""onlysurf.com.br"":""https://www.onlysurf.com.br/wetsuit-long-john-short-sleeve-neoprene-lycra-roupa-borracha-surf""
""mormaiishop.com.br"":""https://www.mormaiishop.com.br/neoprene-masculino/surf""
""hurley.com.br"":""https://hurley.com.br/blogs/news/roupa-de-borracha-ideal-para-surfar""
""olx.com.br"":""https://www.olx.com.br/anuncios/roupa-de-borracha-surf""
""starpoint.com.br"":""https://www.starpoint.com.br/surf/roupas-de-borracha""
""surftrip.com.br"":""https://www.surftrip.com.br/esportes/surf/roupa-de-borracha""
""freesurf.com.br"":""https://freesurf.com.br/esporte/surf/roupas-de-borracha/c"""
br,john surf,neoprene surf,long john,"roupas de neoprene completas (long johns, macacões)",Pillar page,,320,12,0.00,0.00,0,Commercial,"People Also Ask, Site Links, Video, Image, Popular Products, Related Searches","0.44,0.44,0.29,0.36,0.36,0.44,0.54,0.66,0.36,0.29,0.36,0.29",,"""onlysurf.com.br"":""https://www.onlysurf.com.br/wetsuit-long-john-short-sleeve-neoprene-lycra-roupa-borracha-surf""
""ripcurl.com.br"":""https://www.ripcurl.com.br/masculino/roupas-de-borracha/long-johns""
""mormaiishop.com.br"":""https://www.mormaiishop.com.br/neoprene-masculino/surf/long-john""
""starpoint.com.br"":""https://www.starpoint.com.br/surf/roupas-de-borracha""
""ripcurl.com.br"":""https://www.ripcurl.com.br/masculino/roupas-de-borracha""
""hurley.com.br"":""https://hurley.com.br/collections/long-john-masculino""
""hurley.com.br"":""https://hurley.com.br/collections/wetsuits-masculinos""
""surftrip.com.br"":""https://www.surftrip.com.br/esportes/surf/roupa-de-borracha""
""mormaiishop.com.br"":""https://www.mormaiishop.com.br/neoprene-masculino/surf""
""centauro.com.br"":""https://www.centauro.com.br/nav/produto/longjohnshortjohn""","""ripcurl.com.br"":""https://www.ripcurl.com.br/masculino/roupas-de-borracha/long-johns""
""mormaiishop.com.br"":""https://www.mormaiishop.com.br/neoprene-masculino/surf/long-john""
""onlysurf.com.br"":""https://www.onlysurf.com.br/wetsuit-long-john-short-sleeve-neoprene-lycra-roupa-borracha-surf""
""lojaoutside.com.br"":""https://www.lojaoutside.com.br/cadastro/long-john-2-5mm-confort-surf-motion-surf-mergulho-velejo-natacao""
""hurley.com.br"":""https://hurley.com.br/collections/short-john-masculino""
""mormaiishop.com.br"":""https://www.mormaiishop.com.br/neoprene-masculino/surf/short-john""
""surfalive.com.br"":""https://www.surfalive.com.br/surf/roupa-de-borracha""
""lista.mercadolivre.com.br"":""https://lista.mercadolivre.com.br/john-surf""
""surftrip.com.br"":""https://www.surftrip.com.br/esportes/surf/roupa-de-borracha""
""hurley.com.br"":""https://hurley.com.br/collections/short-john-feminino"""
br,long surf,neoprene surf,long john,"roupas de neoprene completas (long johns, macacões)",Pillar page,,140,17,0.00,0.00,0,"Informational, Commercial","Image Pack, Video Carousel, People Also Ask, AI Overview, Site Links, Video, Image, Popular Products, Related Searches","0.35,0.43,0.53,0.35,0.35,0.23,0.35,0.35,0.35,0.28,0.23,0.35",,"""onlysurf.com.br"":""https://www.onlysurf.com.br/wetsuit-long-john-short-sleeve-neoprene-lycra-roupa-borracha-surf""
""ripcurl.com.br"":""https://www.ripcurl.com.br/masculino/roupas-de-borracha/long-johns""
""mormaiishop.com.br"":""https://www.mormaiishop.com.br/neoprene-masculino/surf/long-john""
""starpoint.com.br"":""https://www.starpoint.com.br/surf/roupas-de-borracha""
""ripcurl.com.br"":""https://www.ripcurl.com.br/masculino/roupas-de-borracha""
""hurley.com.br"":""https://hurley.com.br/collections/long-john-masculino""
""hurley.com.br"":""https://hurley.com.br/collections/wetsuits-masculinos""
""surftrip.com.br"":""https://www.surftrip.com.br/esportes/surf/roupa-de-borracha""
""mormaiishop.com.br"":""https://www.mormaiishop.com.br/neoprene-masculino/surf""
""centauro.com.br"":""https://www.centauro.com.br/nav/produto/longjohnshortjohn""","""ripcurl.com.br"":""https://www.ripcurl.com.br/masculino/roupas-de-borracha/long-johns""
""pranchanova.com"":""https://pranchanova.com/produto-tag/funboards-longboards/""
""mormaiishop.com.br"":""https://www.mormaiishop.com.br/neoprene-masculino/surf/long-john""
""onlysurf.com.br"":""https://www.onlysurf.com.br/wetsuit-long-john-short-sleeve-neoprene-lycra-roupa-borracha-surf""
""tropicalbrasil.com.br"":""https://tropicalbrasil.com.br/product/longboard-pranchao/""
""1974surfboards.com"":""https://www.1974surfboards.com/pranchas-de-surf-longboard/""
""lista.mercadolivre.com.br"":""https://lista.mercadolivre.com.br/long-surf""
""brasilnatural.com"":""https://www.brasilnatural.com/prancha-de-surf/prancha-de-surf-long-board-9-1-kit-surf-brasil-natural""
""bymoa.com.br"":""https://www.bymoa.com.br/longbords-19669396""
""bymoa.com.br"":""https://www.bymoa.com.br/longbords-19669396"""
br,surf long john,neoprene surf,long john,"roupas de neoprene completas (long johns, macacões)",Pillar page,,110,7,0.00,0.00,0,Commercial,"Video Carousel, Site Links, Video, Popular Products, Related Searches","0.64,0.82,0.41,0.64,0.64,0.64,1.00,0.82,0.64,0.52,0.52,0.52",,"""onlysurf.com.br"":""https://www.onlysurf.com.br/wetsuit-long-john-short-sleeve-neoprene-lycra-roupa-borracha-surf""
""ripcurl.com.br"":""https://www.ripcurl.com.br/masculino/roupas-de-borracha/long-johns""
""mormaiishop.com.br"":""https://www.mormaiishop.com.br/neoprene-masculino/surf/long-john""
""starpoint.com.br"":""https://www.starpoint.com.br/surf/roupas-de-borracha""
""ripcurl.com.br"":""https://www.ripcurl.com.br/masculino/roupas-de-borracha""
""hurley.com.br"":""https://hurley.com.br/collections/long-john-masculino""
""hurley.com.br"":""https://hurley.com.br/collections/wetsuits-masculinos""
""surftrip.com.br"":""https://www.surftrip.com.br/esportes/surf/roupa-de-borracha""
""mormaiishop.com.br"":""https://www.mormaiishop.com.br/neoprene-masculino/surf""
""centauro.com.br"":""https://www.centauro.com.br/nav/produto/longjohnshortjohn""","""ripcurl.com.br"":""https://www.ripcurl.com.br/masculino/roupas-de-borracha/long-johns""
""hurley.com.br"":""https://hurley.com.br/collections/long-john-masculino""
""mormaiishop.com.br"":""https://www.mormaiishop.com.br/neoprene-masculino/surf/long-john""
""onlysurf.com.br"":""https://www.onlysurf.com.br/wetsuit-long-john-short-sleeve-neoprene-lycra-roupa-borracha-surf""
""backwash.com.br"":""https://www.backwash.com.br/esportes/surf/long-john""
""surfalive.com.br"":""https://www.surfalive.com.br/surf/roupa-de-borracha/long-john""
""centauro.com.br"":""https://www.centauro.com.br/nav/produto/longjohnshortjohn""
""lojaoutside.com.br"":""https://www.lojaoutside.com.br/cadastro/long-john-2-5mm-confort-surf-motion-surf-mergulho-velejo-natacao""
""truzz.com"":""https://www.truzz.com/collections/long-john""
""mormaiishop.com.br"":""https://www.mormaiishop.com.br/long-john-manga-longa-1mm-flexxxa-pro-uv-suit-surf-mormaii-su001m10fpr5g/p"""
br,roupa de neoprene surf,camiseta neoprene,long john,"roupas de neoprene completas (long johns, macacões)",Pillar page,,110,8,0.00,0.00,0,Commercial,"Image Pack, Site Links, Video, Image, Popular Products, Related Searches","0.28,0.28,0.23,0.17,0.28,0.28,0.43,0.35,0.35,0.23,0.17,0.17",,"""onlysurf.com.br"":""https://www.onlysurf.com.br/wetsuit-long-john-short-sleeve-neoprene-lycra-roupa-borracha-surf""
""ripcurl.com.br"":""https://www.ripcurl.com.br/masculino/roupas-de-borracha/long-johns""
""mormaiishop.com.br"":""https://www.mormaiishop.com.br/neoprene-masculino/surf/long-john""
""starpoint.com.br"":""https://www.starpoint.com.br/surf/roupas-de-borracha""
""ripcurl.com.br"":""https://www.ripcurl.com.br/masculino/roupas-de-borracha""
""hurley.com.br"":""https://hurley.com.br/collections/long-john-masculino""
""hurley.com.br"":""https://hurley.com.br/collections/wetsuits-masculinos""
""surftrip.com.br"":""https://www.surftrip.com.br/esportes/surf/roupa-de-borracha""
""mormaiishop.com.br"":""https://www.mormaiishop.com.br/neoprene-masculino/surf""
""centauro.com.br"":""https://www.centauro.com.br/nav/produto/longjohnshortjohn""","""mormaiishop.com.br"":""https://www.mormaiishop.com.br/neoprene-masculino/surf""
""onlysurf.com.br"":""https://www.onlysurf.com.br/wetsuit-long-john-short-sleeve-neoprene-lycra-roupa-borracha-surf""
""ripcurl.com.br"":""https://www.ripcurl.com.br/masculino/roupas-de-borracha""
""lista.mercadolivre.com.br"":""https://lista.mercadolivre.com.br/roupa-neoprene-surf-masculina""
""olx.com.br"":""https://www.olx.com.br/anuncios/roupa-neoprene-surf""
""hurley.com.br"":""https://hurley.com.br/collections/wetsuits-masculinos""
""starpoint.com.br"":""https://www.starpoint.com.br/surf/roupas-de-borracha""
""surfalive.com.br"":""https://www.surfalive.com.br/surf/roupa-de-borracha""
""lojaoutside.com.br"":""https://www.lojaoutside.com.br/neoprene-surf""
""decathlon.com.br"":""https://www.decathlon.com.br/roupas/conjunto/neoprenes"""
br,roupa de neoprene para surf,camiseta neoprene,long john,"roupas de neoprene completas (long johns, macacões)",Pillar page,,90,6,0.00,0.00,0,Commercial,"Site Links, Video, Image, Popular Products, Related Searches","0.11,0.11,0.64,0.52,0.41,0.64,0.64,0.64,0.82,0.52,0.41,0.11",,"""onlysurf.com.br"":""https://www.onlysurf.com.br/wetsuit-long-john-short-sleeve-neoprene-lycra-roupa-borracha-surf""
""ripcurl.com.br"":""https://www.ripcurl.com.br/masculino/roupas-de-borracha/long-johns""
""mormaiishop.com.br"":""https://www.mormaiishop.com.br/neoprene-masculino/surf/long-john""
""starpoint.com.br"":""https://www.starpoint.com.br/surf/roupas-de-borracha""
""ripcurl.com.br"":""https://www.ripcurl.com.br/masculino/roupas-de-borracha""
""hurley.com.br"":""https://hurley.com.br/collections/long-john-masculino""
""hurley.com.br"":""https://hurley.com.br/collections/wetsuits-masculinos""
""surftrip.com.br"":""https://www.surftrip.com.br/esportes/surf/roupa-de-borracha""
""mormaiishop.com.br"":""https://www.mormaiishop.com.br/neoprene-masculino/surf""
""centauro.com.br"":""https://www.centauro.com.br/nav/produto/longjohnshortjohn""","""mormaiishop.com.br"":""https://www.mormaiishop.com.br/neoprene-masculino/surf""
""onlysurf.com.br"":""https://www.onlysurf.com.br/wetsuit-long-john-short-sleeve-neoprene-lycra-roupa-borracha-surf""
""ripcurl.com.br"":""https://www.ripcurl.com.br/masculino/roupas-de-borracha""
""lista.mercadolivre.com.br"":""https://lista.mercadolivre.com.br/roupa-neoprene-surf-masculina""
""hurley.com.br"":""https://hurley.com.br/collections/wetsuits-masculinos""
""starpoint.com.br"":""https://www.starpoint.com.br/surf/roupas-de-borracha""
""decathlon.com.br"":""https://www.decathlon.com.br/roupas/conjunto/neoprenes""
""lojaoutside.com.br"":""https://www.lojaoutside.com.br/neoprene-surf""
""kanaha.com.br"":""https://www.kanaha.com.br/roupas-de-neoprene?pg=2""
""surfalive.com.br"":""https://www.surfalive.com.br/surf/roupa-de-borracha"""
br,neoprene feminino,roupa neoprene,macacão de natação feminino,camisas de neoprene para surf e esportes aquáticos,Sub page,,110,10,0.00,0.00,0,"Informational, Commercial","Image Pack, Site Links, Video, Image, Popular Products, Related Searches","0.22,0.14,0.22,0.22,0.22,0.29,0.22,0.22,0.35,0.22,0.22,0.18",,"""mormaiishop.com.br"":""https://www.mormaiishop.com.br/macac%C3%A3o/neoprene-feminino?map=ft%2Ccategory-1""
""ripcurl.com.br"":""https://www.ripcurl.com.br/feminino/roupas-de-borracha""
""surfalive.com.br"":""https://www.surfalive.com.br/surf/roupa-de-borracha/feminino""
""mormaiishop.com.br"":""https://www.mormaiishop.com.br/neoprene-feminino""
""amazon.com.br"":""https://www.amazon.com.br/neoprene-feminino/s?k=neoprene+feminino""
""hurley.com.br"":""https://hurley.com.br/collections/jaqueta-neoprene-feminina""
""decathlon.com.br"":""https://www.decathlon.com.br/roupas/conjunto/neoprenes""
""unend.com.br"":""https://unend.com.br/products/macacao-neopreme-curto-mergulho-mormaii-extra-lina-1-5-tamanho-xs""
""lista.mercadolivre.com.br"":""https://lista.mercadolivre.com.br/roupa-neoprene-feminina""
""shopee.com.br"":""https://shopee.com.br/Macac%C3%A3o-Feminino-Look-Tend%C3%AAncia-2023-Para-as-Mulheres-Malha-Neoprene-i.814662692.23991162340""","""mormaiishop.com.br"":""https://www.mormaiishop.com.br/neoprene-feminino""
""amazon.com.br"":""https://www.amazon.com.br/neoprene-feminino/s?k=neoprene+feminino""
""hurley.com.br"":""https://hurley.com.br/collections/jaqueta-neoprene-feminina""
""ripcurl.com.br"":""https://www.ripcurl.com.br/feminino/roupas-de-borracha""
""decathlon.com.br"":""https://www.decathlon.com.br/roupas/conjunto/neoprenes""
""lista.mercadolivre.com.br"":""https://lista.mercadolivre.com.br/roupa-neoprene-feminina""
""lojaoutside.com.br"":""https://www.lojaoutside.com.br/neoprene""
""surfalive.com.br"":""https://www.surfalive.com.br/surf/roupa-de-borracha/feminino""
""mormaiishop.com.br"":""https://www.mormaiishop.com.br/macac%C3%A3o/neoprene-feminino?map=ft%2Ccategory-1""
""mormaiishop.com.br"":""https://www.mormaiishop.com.br/macac%C3%A3o/neoprene-feminino?map=ft%2Ccategory-1"""
br,macacão de natação feminino,neoprene feminino,macacão de natação feminino,camisas de neoprene para surf e esportes aquáticos,Sub page,,320,13,0.00,0.00,0,Informational,"Image Pack, Site Links, Video, Image, Popular Products, Related Searches","0.66,0.82,0.53,1.00,1.00,0.82,0.66,0.66,0.53,0.43,0.82,1.00",,"""mormaiishop.com.br"":""https://www.mormaiishop.com.br/macac%C3%A3o/neoprene-feminino?map=ft%2Ccategory-1""
""ripcurl.com.br"":""https://www.ripcurl.com.br/feminino/roupas-de-borracha""
""surfalive.com.br"":""https://www.surfalive.com.br/surf/roupa-de-borracha/feminino""
""mormaiishop.com.br"":""https://www.mormaiishop.com.br/neoprene-feminino""
""amazon.com.br"":""https://www.amazon.com.br/neoprene-feminino/s?k=neoprene+feminino""
""hurley.com.br"":""https://hurley.com.br/collections/jaqueta-neoprene-feminina""
""decathlon.com.br"":""https://www.decathlon.com.br/roupas/conjunto/neoprenes""
""unend.com.br"":""https://unend.com.br/products/macacao-neopreme-curto-mergulho-mormaii-extra-lina-1-5-tamanho-xs""
""lista.mercadolivre.com.br"":""https://lista.mercadolivre.com.br/roupa-neoprene-feminina""
""shopee.com.br"":""https://shopee.com.br/Macac%C3%A3o-Feminino-Look-Tend%C3%AAncia-2023-Para-as-Mulheres-Malha-Neoprene-i.814662692.23991162340""","""speedo.com.br"":""https://www.speedo.com.br/feminino/macaquinho""
""netshoes.com.br"":""https://www.netshoes.com.br/natacao/macaquinhos/feminino""
""tudoparanatacao.com.br"":""https://www.tudoparanatacao.com.br/macaquinho""
""decathlon.com.br"":""https://www.decathlon.com.br/roupas/conjunto/macaquinhos""
""amazon.com.br"":""https://www.amazon.com.br/macac%C3%A3o-de-nata%C3%A7%C3%A3o-feminino/s?k=macac%C3%A3o+de+nata%C3%A7%C3%A3o+feminino""
""centauro.com.br"":""https://www.centauro.com.br/macaquinho-de-natacao-oxer-feminino-misty-982317.html""
""mormaiishop.com.br"":""https://www.mormaiishop.com.br/macac%C3%A3o/neoprene-feminino?map=ft%2Ccategory-1""
""shopee.com.br"":""https://shopee.com.br/search?keyword=macaquinho%20de%20nata%C3%A7%C3%A3o""
""bluebeach.com.br"":""https://www.bluebeach.com.br/macaquinho-natacao/p""
""mormaiishop.com.br"":""https://www.mormaiishop.com.br/macac%C3%A3o/neoprene-feminino?map=ft%2Ccategory-1"""
br,roupas femininas neoprene,roupa neoprene feminina,macacão de natação feminino,camisas de neoprene para surf e esportes aquáticos,Sub page,,260,11,0.00,0.00,0,"Informational, Commercial","People Also Ask, Site Links, Video, Popular Products, Related Searches","0.66,0.35,0.53,0.43,0.53,0.53,0.82,0.82,1.00,0.82,0.53,0.43",,"""mormaiishop.com.br"":""https://www.mormaiishop.com.br/macac%C3%A3o/neoprene-feminino?map=ft%2Ccategory-1""
""ripcurl.com.br"":""https://www.ripcurl.com.br/feminino/roupas-de-borracha""
""surfalive.com.br"":""https://www.surfalive.com.br/surf/roupa-de-borracha/feminino""
""mormaiishop.com.br"":""https://www.mormaiishop.com.br/neoprene-feminino""
""amazon.com.br"":""https://www.amazon.com.br/neoprene-feminino/s?k=neoprene+feminino""
""hurley.com.br"":""https://hurley.com.br/collections/jaqueta-neoprene-feminina""
""decathlon.com.br"":""https://www.decathlon.com.br/roupas/conjunto/neoprenes""
""unend.com.br"":""https://unend.com.br/products/macacao-neopreme-curto-mergulho-mormaii-extra-lina-1-5-tamanho-xs""
""lista.mercadolivre.com.br"":""https://lista.mercadolivre.com.br/roupa-neoprene-feminina""
""shopee.com.br"":""https://shopee.com.br/Macac%C3%A3o-Feminino-Look-Tend%C3%AAncia-2023-Para-as-Mulheres-Malha-Neoprene-i.814662692.23991162340""","""mormaiishop.com.br"":""https://www.mormaiishop.com.br/neoprene-feminino""
""ripcurl.com.br"":""https://www.ripcurl.com.br/feminino/roupas-de-borracha""
""lojaoutside.com.br"":""https://www.lojaoutside.com.br/neoprene""
""hurley.com.br"":""https://hurley.com.br/collections/jaqueta-neoprene-feminina""
""amazon.com.br"":""https://www.amazon.com.br/neoprene-feminino/s?k=neoprene+feminino""
""tyrsport.com.br"":""https://tyrsport.com.br/products/roupa-de-neoprene-natacao-triathlon-tyr-cat1-feminina-com-mangas""
""magazineluiza.com.br"":""https://www.magazineluiza.com.br/busca/roupa+neoprene+feminino/""
""surfalive.com.br"":""https://www.surfalive.com.br/surf/roupa-de-borracha/feminino""
""lista.mercadolivre.com.br"":""https://lista.mercadolivre.com.br/roupa-neoprene-feminina""
""kanaha.com.br"":""https://www.kanaha.com.br/roupas-de-neoprene"""
br,macacao neoprene,roupa neoprene,macacão de natação feminino,camisas de neoprene para surf e esportes aquáticos,Sub page,,210,12,0.00,0.00,0,Commercial,"Knowledge Panel, Image Pack, Site Links, Video, Image, Popular Products, Related Searches","0.53,0.35,0.43,0.53,0.53,0.53,0.53,0.43,0.53,0.53,0.35,0.43",,"""mormaiishop.com.br"":""https://www.mormaiishop.com.br/macac%C3%A3o/neoprene-feminino?map=ft%2Ccategory-1""
""ripcurl.com.br"":""https://www.ripcurl.com.br/feminino/roupas-de-borracha""
""surfalive.com.br"":""https://www.surfalive.com.br/surf/roupa-de-borracha/feminino""
""mormaiishop.com.br"":""https://www.mormaiishop.com.br/neoprene-feminino""
""amazon.com.br"":""https://www.amazon.com.br/neoprene-feminino/s?k=neoprene+feminino""
""hurley.com.br"":""https://hurley.com.br/collections/jaqueta-neoprene-feminina""
""decathlon.com.br"":""https://www.decathlon.com.br/roupas/conjunto/neoprenes""
""unend.com.br"":""https://unend.com.br/products/macacao-neopreme-curto-mergulho-mormaii-extra-lina-1-5-tamanho-xs""
""lista.mercadolivre.com.br"":""https://lista.mercadolivre.com.br/roupa-neoprene-feminina""
""shopee.com.br"":""https://shopee.com.br/Macac%C3%A3o-Feminino-Look-Tend%C3%AAncia-2023-Para-as-Mulheres-Malha-Neoprene-i.814662692.23991162340""","""lista.mercadolivre.com.br"":""https://lista.mercadolivre.com.br/macacao-neoprene""
""mormaiishop.com.br"":""https://www.mormaiishop.com.br/macac%C3%A3o/neoprene-feminino?map=ft%2Ccategory-1""
""outdoorequipamentos.com.br"":""https://www.outdoorequipamentos.com.br/resgateneoprene""
""shopee.com.br"":""https://shopee.com.br/Macac%C3%A3o-Long-John-Neoprene-3mm-Roupa-De-Mergulho-Surf-Nata%C3%A7%C3%A3o-Pesca-Agua-Fria-Roupa-de-Borracha-Manga-Longa-i.274375514.20198487157""
""decathlon.com.br"":""https://www.decathlon.com.br/roupas/conjunto/neoprenes""
""loja.seasub.com.br"":""https://loja.seasub.com.br/categoria-produto/neoprene/roupas-neoprene/""
""idressstore.com.br"":""https://www.idressstore.com.br/macacoes/macacao-neoprene-animal-print""
""unend.com.br"":""https://unend.com.br/products/neopreme-completo-mergulho-quest-3-2""
""lojaoutside2.com.br"":""https://www.lojaoutside2.com.br/neoprene/natacao/macacao-de-neoprene-relax-long-2-2mm-seac""
""amazon.com.br"":""https://www.amazon.com.br/roupa-neoprene-masculina/s?k=roupa+neoprene+masculina"""
br,blusa neoprene feminina,camiseta neoprene,macacão de natação feminino,camisas de neoprene para surf e esportes aquáticos,Sub page,,140,14,0.00,0.00,0,Informational,"Image Pack, People Also Ask, Site Links, Video, Image, Popular Products, Related Searches","0.22,0.18,0.22,0.18,0.22,0.14,0.29,0.35,0.43,0.54,0.29,0.29",,"""mormaiishop.com.br"":""https://www.mormaiishop.com.br/macac%C3%A3o/neoprene-feminino?map=ft%2Ccategory-1""
""ripcurl.com.br"":""https://www.ripcurl.com.br/feminino/roupas-de-borracha""
""surfalive.com.br"":""https://www.surfalive.com.br/surf/roupa-de-borracha/feminino""
""mormaiishop.com.br"":""https://www.mormaiishop.com.br/neoprene-feminino""
""amazon.com.br"":""https://www.amazon.com.br/neoprene-feminino/s?k=neoprene+feminino""
""hurley.com.br"":""https://hurley.com.br/collections/jaqueta-neoprene-feminina""
""decathlon.com.br"":""https://www.decathlon.com.br/roupas/conjunto/neoprenes""
""unend.com.br"":""https://unend.com.br/products/macacao-neopreme-curto-mergulho-mormaii-extra-lina-1-5-tamanho-xs""
""lista.mercadolivre.com.br"":""https://lista.mercadolivre.com.br/roupa-neoprene-feminina""
""shopee.com.br"":""https://shopee.com.br/Macac%C3%A3o-Feminino-Look-Tend%C3%AAncia-2023-Para-as-Mulheres-Malha-Neoprene-i.814662692.23991162340""","""decathlon.com.br"":""https://www.decathlon.com.br/top-neothermique-ml-f-violetr/p""
""lista.mercadolivre.com.br"":""https://lista.mercadolivre.com.br/camisa-neoprene-feminina""
""mormaiishop.com.br"":""https://www.mormaiishop.com.br/neoprene-feminino""
""ripcurl.com.br"":""https://www.ripcurl.com.br/feminino/roupas-de-borracha""
""amazon.com.br"":""https://www.amazon.com.br/neoprene-feminino/s?k=neoprene+feminino""
""hurley.com.br"":""https://hurley.com.br/collections/jaqueta-neoprene-feminina""
""shopee.com.br"":""https://shopee.com.br/search?keyword=Camisa%20Neoprene%20Feminina&utm_campaign=-&utm_content=TenhoTudoSobreTTS2024MASTERv5-camisaneoprenefeminina&utm_medium%3Daffiliates&utm_source=an%5F18375340002""
""marisa.com.br"":""https://www.marisa.com.br/blusa-feminina-neoprene-manga-curta-marisa--bege-medio/p/10035387664""
""onlysurf.com.br"":""https://www.onlysurf.com.br/jaqueta-neoprene-vest-camisa-surf""
""centauro.com.br"":""https://www.centauro.com.br/camisa-manga-longa-mormaii-neoprene-1mm-diva-feminina-855690.html"""
br,macacão neoprene,macacao neoprene,macacão de natação feminino,camisas de neoprene para surf e esportes aquáticos,Sub page,,140,14,0.00,0.00,0,Informational,"Image Pack, Site Links, Video, Image, Popular Products, Related Searches","0.43,0.28,0.28,0.35,0.43,0.43,0.23,0.35,0.43,0.43,0.28,0.35",,"""mormaiishop.com.br"":""https://www.mormaiishop.com.br/macac%C3%A3o/neoprene-feminino?map=ft%2Ccategory-1""
""ripcurl.com.br"":""https://www.ripcurl.com.br/feminino/roupas-de-borracha""
""surfalive.com.br"":""https://www.surfalive.com.br/surf/roupa-de-borracha/feminino""
""mormaiishop.com.br"":""https://www.mormaiishop.com.br/neoprene-feminino""
""amazon.com.br"":""https://www.amazon.com.br/neoprene-feminino/s?k=neoprene+feminino""
""hurley.com.br"":""https://hurley.com.br/collections/jaqueta-neoprene-feminina""
""decathlon.com.br"":""https://www.decathlon.com.br/roupas/conjunto/neoprenes""
""unend.com.br"":""https://unend.com.br/products/macacao-neopreme-curto-mergulho-mormaii-extra-lina-1-5-tamanho-xs""
""lista.mercadolivre.com.br"":""https://lista.mercadolivre.com.br/roupa-neoprene-feminina""
""shopee.com.br"":""https://shopee.com.br/Macac%C3%A3o-Feminino-Look-Tend%C3%AAncia-2023-Para-as-Mulheres-Malha-Neoprene-i.814662692.23991162340""","""mormaiishop.com.br"":""https://www.mormaiishop.com.br/macac%C3%A3o/neoprene-feminino?map=ft%2Ccategory-1""
""lista.mercadolivre.com.br"":""https://lista.mercadolivre.com.br/macacao-neoprene""
""shopee.com.br"":""https://shopee.com.br/Macac%C3%A3o-Roupa-Neoprene-Mergulho-Surf-Infantil-Pronta-Entrega-i.301633969.14668105530""
""decathlon.com.br"":""https://www.decathlon.com.br/roupas/conjunto/neoprenes""
""outdoorequipamentos.com.br"":""https://www.outdoorequipamentos.com.br/resgateneoprene""
""loja.seasub.com.br"":""https://loja.seasub.com.br/categoria-produto/neoprene/roupas-neoprene/""
""lista.mercadolivre.com.br"":""https://lista.mercadolivre.com.br/macac%C3%A3o-neoprene""
""olx.com.br"":""https://www.olx.com.br/anuncios/macacao-neoprene""
""lojaoutside2.com.br"":""https://www.lojaoutside2.com.br/neoprene/natacao/macacao-de-neoprene-relax-long-2-2mm-seac""
""unend.com.br"":""https://unend.com.br/products/macacao-neopreme-curto-mergulho-mormaii-extra-lina-1-5-tamanho-xs"""
br,roupa de borracha feminina,roupa de borracha,macacão de natação feminino,camisas de neoprene para surf e esportes aquáticos,Sub page,,110,7,0.00,0.00,0,Commercial,"Image Pack, People Also Ask, Site Links, Video, Image, Popular Products, Related Searches","0.53,0.53,0.34,0.42,0.53,0.53,0.42,0.34,0.42,0.34,0.42,0.34",,"""mormaiishop.com.br"":""https://www.mormaiishop.com.br/macac%C3%A3o/neoprene-feminino?map=ft%2Ccategory-1""
""ripcurl.com.br"":""https://www.ripcurl.com.br/feminino/roupas-de-borracha""
""surfalive.com.br"":""https://www.surfalive.com.br/surf/roupa-de-borracha/feminino""
""mormaiishop.com.br"":""https://www.mormaiishop.com.br/neoprene-feminino""
""amazon.com.br"":""https://www.amazon.com.br/neoprene-feminino/s?k=neoprene+feminino""
""hurley.com.br"":""https://hurley.com.br/collections/jaqueta-neoprene-feminina""
""decathlon.com.br"":""https://www.decathlon.com.br/roupas/conjunto/neoprenes""
""unend.com.br"":""https://unend.com.br/products/macacao-neopreme-curto-mergulho-mormaii-extra-lina-1-5-tamanho-xs""
""lista.mercadolivre.com.br"":""https://lista.mercadolivre.com.br/roupa-neoprene-feminina""
""shopee.com.br"":""https://shopee.com.br/Macac%C3%A3o-Feminino-Look-Tend%C3%AAncia-2023-Para-as-Mulheres-Malha-Neoprene-i.814662692.23991162340""","""ripcurl.com.br"":""https://www.ripcurl.com.br/feminino/roupas-de-borracha""
""mormaiishop.com.br"":""https://www.mormaiishop.com.br/neoprene-feminino""
""surfalive.com.br"":""https://www.surfalive.com.br/surf/roupa-de-borracha/feminino""
""lista.mercadolivre.com.br"":""https://lista.mercadolivre.com.br/roupa-neoprene-feminina""
""amazon.com.br"":""https://www.amazon.com.br/neoprene-feminino/s?k=neoprene+feminino""
""raizessurf.com.br"":""https://raizessurf.com.br/categoria-produto/roupas-de-borracha-feminina/""
""blueseventybrasil.com.br"":""https://www.blueseventybrasil.com.br/triathlonaguas-abertas/feminino/roupas-de-borrachawetsuits""
""tyrsport.com.br"":""https://tyrsport.com.br/collections/roupa-de-borracha""
""surftrip.com.br"":""https://www.surftrip.com.br/esportes/surf/roupa-de-borracha""
""lojaoutside.com.br"":""https://www.lojaoutside.com.br/cadastro/roupa-neoprene-natacao-smootskin-feminina-emborrachada-2-2-competition"""
br,macacao surf feminino,neoprene feminino,macacão de natação feminino,camisas de neoprene para surf e esportes aquáticos,Sub page,,110,9,0.00,0.00,0,"Informational, Commercial","Image Pack, Site Links, Video, Image, Popular Products, Related Searches","0.43,0.65,0.43,0.34,0.81,0.21,0.15,0.21,0.15,0.21,0.21,0.21",,"""mormaiishop.com.br"":""https://www.mormaiishop.com.br/macac%C3%A3o/neoprene-feminino?map=ft%2Ccategory-1""
""ripcurl.com.br"":""https://www.ripcurl.com.br/feminino/roupas-de-borracha""
""surfalive.com.br"":""https://www.surfalive.com.br/surf/roupa-de-borracha/feminino""
""mormaiishop.com.br"":""https://www.mormaiishop.com.br/neoprene-feminino""
""amazon.com.br"":""https://www.amazon.com.br/neoprene-feminino/s?k=neoprene+feminino""
""hurley.com.br"":""https://hurley.com.br/collections/jaqueta-neoprene-feminina""
""decathlon.com.br"":""https://www.decathlon.com.br/roupas/conjunto/neoprenes""
""unend.com.br"":""https://unend.com.br/products/macacao-neopreme-curto-mergulho-mormaii-extra-lina-1-5-tamanho-xs""
""lista.mercadolivre.com.br"":""https://lista.mercadolivre.com.br/roupa-neoprene-feminina""
""shopee.com.br"":""https://shopee.com.br/Macac%C3%A3o-Feminino-Look-Tend%C3%AAncia-2023-Para-as-Mulheres-Malha-Neoprene-i.814662692.23991162340""","""lista.mercadolivre.com.br"":""https://lista.mercadolivre.com.br/macacao-surf-feminino""
""shopee.com.br"":""https://shopee.com.br/list/Macac%C3%A3o/Surf""
""maresia.com.br"":""https://www.maresia.com.br/categoria/maio-macaquinho-feminino""
""mormaiishop.com.br"":""https://www.mormaiishop.com.br/macac%C3%A3o/neoprene-feminino?map=ft%2Ccategory-1""
""wakon.com.br"":""https://www.wakon.com.br/roupas-femininas/macacao-feminino""
""netshoes.com.br"":""https://www.netshoes.com.br/surf/macacoes/feminino""
""surfalive.com.br"":""https://www.surfalive.com.br/surf/roupa-de-borracha/feminino""
""ripcurl.com.br"":""https://www.ripcurl.com.br/macacao-surf-uv-static-importado-tnltrv79-p1294435""
""peixotekids.com.br"":""https://peixotekids.com.br/produto/macacao-longo-surf-feminino/""
""olx.com.br"":""https://www.olx.com.br/anuncios/macacao-surf"""
br,macacão de surf feminino,neoprene feminino,macacão de natação feminino,camisas de neoprene para surf e esportes aquáticos,Sub page,,110,10,0.00,0.00,0,"Informational, Commercial","Image Pack, People Also Ask, Site Links, Video, Image, Popular Products, Related Searches","0.52,0.41,0.52,0.64,0.82,0.52,0.64,0.64,0.52,0.64,0.64,0.64",,"""mormaiishop.com.br"":""https://www.mormaiishop.com.br/macac%C3%A3o/neoprene-feminino?map=ft%2Ccategory-1""
""ripcurl.com.br"":""https://www.ripcurl.com.br/feminino/roupas-de-borracha""
""surfalive.com.br"":""https://www.surfalive.com.br/surf/roupa-de-borracha/feminino""
""mormaiishop.com.br"":""https://www.mormaiishop.com.br/neoprene-feminino""
""amazon.com.br"":""https://www.amazon.com.br/neoprene-feminino/s?k=neoprene+feminino""
""hurley.com.br"":""https://hurley.com.br/collections/jaqueta-neoprene-feminina""
""decathlon.com.br"":""https://www.decathlon.com.br/roupas/conjunto/neoprenes""
""unend.com.br"":""https://unend.com.br/products/macacao-neopreme-curto-mergulho-mormaii-extra-lina-1-5-tamanho-xs""
""lista.mercadolivre.com.br"":""https://lista.mercadolivre.com.br/roupa-neoprene-feminina""
""shopee.com.br"":""https://shopee.com.br/Macac%C3%A3o-Feminino-Look-Tend%C3%AAncia-2023-Para-as-Mulheres-Malha-Neoprene-i.814662692.23991162340""","""lista.mercadolivre.com.br"":""https://lista.mercadolivre.com.br/macacao-surf-feminino""
""maresia.com.br"":""https://www.maresia.com.br/categoria/maio-macaquinho-feminino""
""surfalive.com.br"":""https://www.surfalive.com.br/surf/roupa-de-borracha/feminino""
""ripcurl.com.br"":""https://www.ripcurl.com.br/macacao-surf-uv-static-importado-tnltrv79-p1294435""
""mormaiishop.com.br"":""https://www.mormaiishop.com.br/macac%C3%A3o/neoprene-feminino?map=ft%2Ccategory-1""
""netshoes.com.br"":""https://www.netshoes.com.br/surf/macacoes/feminino""
""centauro.com.br"":""https://www.centauro.com.br/nav/produto/macacao""
""shopee.com.br"":""https://shopee.com.br/list/Macac%C3%A3o/Surf""
""centralsurf.com.br"":""https://www.centralsurf.com.br/feminino/macacao""
""wakon.com.br"":""https://www.wakon.com.br/roupas-femininas/macacao-feminino"""
br,macacao neoprene feminino,neoprene para natação,macacão de natação feminino,camisas de neoprene para surf e esportes aquáticos,Sub page,,90,9,0.00,0.00,0,Informational,"Image Pack, Site Links, Video, Image, Popular Products, Related Searches","0.64,0.52,0.41,0.64,0.64,0.64,0.23,0.52,0.52,0.41,0.52,0.41",,"""mormaiishop.com.br"":""https://www.mormaiishop.com.br/macac%C3%A3o/neoprene-feminino?map=ft%2Ccategory-1""
""ripcurl.com.br"":""https://www.ripcurl.com.br/feminino/roupas-de-borracha""
""surfalive.com.br"":""https://www.surfalive.com.br/surf/roupa-de-borracha/feminino""
""mormaiishop.com.br"":""https://www.mormaiishop.com.br/neoprene-feminino""
""amazon.com.br"":""https://www.amazon.com.br/neoprene-feminino/s?k=neoprene+feminino""
""hurley.com.br"":""https://hurley.com.br/collections/jaqueta-neoprene-feminina""
""decathlon.com.br"":""https://www.decathlon.com.br/roupas/conjunto/neoprenes""
""unend.com.br"":""https://unend.com.br/products/macacao-neopreme-curto-mergulho-mormaii-extra-lina-1-5-tamanho-xs""
""lista.mercadolivre.com.br"":""https://lista.mercadolivre.com.br/roupa-neoprene-feminina""
""shopee.com.br"":""https://shopee.com.br/Macac%C3%A3o-Feminino-Look-Tend%C3%AAncia-2023-Para-as-Mulheres-Malha-Neoprene-i.814662692.23991162340""","""mormaiishop.com.br"":""https://www.mormaiishop.com.br/macac%C3%A3o/neoprene-feminino?map=ft%2Ccategory-1""
""lista.mercadolivre.com.br"":""https://lista.mercadolivre.com.br/macacao-neoprene-feminino""
""lojaoutside.com.br"":""https://www.lojaoutside.com.br/cadastro/roupa-neoprene-natacao-smootskin-longa-emborrachada-2-2-competition""
""ripcurl.com.br"":""https://www.ripcurl.com.br/feminino/roupas-de-borracha""
""unend.com.br"":""https://unend.com.br/products/macacao-neopreme-curto-mergulho-mormaii-extra-lina-1-5-tamanho-xs""
""subsub.com.br"":""https://www.subsub.com.br/macacao-feminino-de-neoprene-5mm-fast-lady-cressi-amarelo-20280""
""centauro.com.br"":""https://www.centauro.com.br/roupa-de-neoprene-para-mergulho-cressi-maya-lady-2-5---g-m09dwa-mktp.html""
""loja.seasub.com.br"":""https://loja.seasub.com.br/produto/macacao-3mm-scubapro-sport-feminina-2/""
""shopee.com.br"":""https://shopee.com.br/Macac%C3%A3o-Feminino-Look-Tend%C3%AAncia-2023-Para-as-Mulheres-Malha-Neoprene-i.814662692.23991162340""
""shopee.com.br"":""https://shopee.com.br/Macac%C3%A3o-Feminino-Look-Tend%C3%AAncia-2023-Para-as-Mulheres-Malha-Neoprene-i.814662692.23991162340"""
br,macacão neoprene feminino,macacao neoprene,macacão de natação feminino,camisas de neoprene para surf e esportes aquáticos,Sub page,,90,12,0.00,0.00,0,"Informational, Commercial","Image Pack, Site Links, Video, Image, Popular Products, Related Searches","0.82,0.52,0.41,0.64,0.64,0.64,0.52,0.52,0.52,0.41,0.52,0.41",,"""mormaiishop.com.br"":""https://www.mormaiishop.com.br/macac%C3%A3o/neoprene-feminino?map=ft%2Ccategory-1""
""ripcurl.com.br"":""https://www.ripcurl.com.br/feminino/roupas-de-borracha""
""surfalive.com.br"":""https://www.surfalive.com.br/surf/roupa-de-borracha/feminino""
""mormaiishop.com.br"":""https://www.mormaiishop.com.br/neoprene-feminino""
""amazon.com.br"":""https://www.amazon.com.br/neoprene-feminino/s?k=neoprene+feminino""
""hurley.com.br"":""https://hurley.com.br/collections/jaqueta-neoprene-feminina""
""decathlon.com.br"":""https://www.decathlon.com.br/roupas/conjunto/neoprenes""
""unend.com.br"":""https://unend.com.br/products/macacao-neopreme-curto-mergulho-mormaii-extra-lina-1-5-tamanho-xs""
""lista.mercadolivre.com.br"":""https://lista.mercadolivre.com.br/roupa-neoprene-feminina""
""shopee.com.br"":""https://shopee.com.br/Macac%C3%A3o-Feminino-Look-Tend%C3%AAncia-2023-Para-as-Mulheres-Malha-Neoprene-i.814662692.23991162340""","""mormaiishop.com.br"":""https://www.mormaiishop.com.br/macac%C3%A3o/neoprene-feminino?map=ft%2Ccategory-1""
""lista.mercadolivre.com.br"":""https://lista.mercadolivre.com.br/macacao-neoprene-feminino""
""unend.com.br"":""https://unend.com.br/products/macacao-neopreme-curto-mergulho-mormaii-extra-lina-1-5-tamanho-xs""
""ripcurl.com.br"":""https://www.ripcurl.com.br/feminino/roupas-de-borracha""
""subsub.com.br"":""https://www.subsub.com.br/macacao-feminino-de-neoprene-5mm-fast-lady-cressi-amarelo-20280""
""centauro.com.br"":""https://www.centauro.com.br/roupa-de-neoprene-para-mergulho-cressi-maya-lady-2-5---g-m09dwa-mktp.html""
""shopee.com.br"":""https://shopee.com.br/Macac%C3%A3o-Feminino-Look-Tend%C3%AAncia-2023-Para-as-Mulheres-Malha-Neoprene-i.814662692.23991162340""
""mimilon.com.br"":""https://mimilon.com.br/produto/macaco-de-neoprene-feminino-2mm-roupa-de-mergulho-elstica-confortvel-e-quente-para-surf-e-praia""
""netshoes.com.br"":""https://www.netshoes.com.br/busca/macaquinho-neoprene-natacao""
""enjoei.com.br"":""https://www.enjoei.com.br/macacao-neoprene/s?q=macacao+neoprene"""
br,macacao natacao,neoprene feminino,macacao natacao,neoprene para natação e triathlon,Sub page,,260,15,0.00,0.00,0,"Informational, Transactional","Image Pack, Site Links, Video, Image, Popular Products, Related Searches","0.54,0.15,0.44,0.44,0.36,0.23,0.44,0.23,0.36,0.29,0.29,0.29",,"""decathlon.com.br"":""https://www.decathlon.com.br/roupas/conjunto/macaquinhos""
""netshoes.com.br"":""https://www.netshoes.com.br/natacao/macaquinhos/feminino""
""speedo.com.br"":""https://www.speedo.com.br/sungas-e-macaquinhos""
""medinas.com.br"":""https://www.medinas.com.br/roupa-natacao-masculina/macacao-natacao""
""mormaiishop.com.br"":""https://www.mormaiishop.com.br/macac%C3%A3o/neoprene-feminino?map=ft%2Ccategory-1""
""speedo.com.br"":""https://www.speedo.com.br/feminino/macaquinho""
""centauro.com.br"":""https://www.centauro.com.br/nav/produto/macaquinho/produto/maio/esportes/natacao""
""tudoparanatacao.com.br"":""https://www.tudoparanatacao.com.br/macaquinho""
""amazon.com.br"":""https://www.amazon.com.br/macac%C3%A3o-de-nata%C3%A7%C3%A3o-feminino/s?k=macac%C3%A3o+de+nata%C3%A7%C3%A3o+feminino""
""arenawaterinstinct.com.br"":""https://www.arenawaterinstinct.com.br/""","""decathlon.com.br"":""https://www.decathlon.com.br/roupas/conjunto/macaquinhos""
""medinas.com.br"":""https://www.medinas.com.br/roupa-natacao-masculina/macacao-natacao""
""speedo.com.br"":""https://www.speedo.com.br/sungas-e-macaquinhos""
""mormaiishop.com.br"":""https://www.mormaiishop.com.br/macac%C3%A3o/neoprene-feminino?map=ft%2Ccategory-1""
""speedo.com.br"":""https://www.speedo.com.br/feminino/macaquinho""
""netshoes.com.br"":""https://www.netshoes.com.br/natacao/macaquinhos/feminino""
""tudoparanatacao.com.br"":""https://www.tudoparanatacao.com.br/macaquinho""
""centauro.com.br"":""https://www.centauro.com.br/nav/produto/macaquinho/produto/maio/esportes/natacao""
""amazon.com.br"":""https://www.amazon.com.br/macac%C3%A3o-de-nata%C3%A7%C3%A3o-feminino/s?k=macac%C3%A3o+de+nata%C3%A7%C3%A3o+feminino""
""lista.mercadolivre.com.br"":""https://lista.mercadolivre.com.br/macacao-natacao"""
br,macacao para natacao feminina,neoprene feminino,macacao natacao,neoprene para natação e triathlon,Sub page,,320,19,0.00,0.00,0,"Informational, Commercial","Image Pack, Site Links, Video, Image, Popular Products, Related Searches","0.23,0.19,1.00,0.44,0.54,0.29,0.19,0.23,0.09,0.54,0.54,0.54",,"""decathlon.com.br"":""https://www.decathlon.com.br/roupas/conjunto/macaquinhos""
""netshoes.com.br"":""https://www.netshoes.com.br/natacao/macaquinhos/feminino""
""speedo.com.br"":""https://www.speedo.com.br/sungas-e-macaquinhos""
""medinas.com.br"":""https://www.medinas.com.br/roupa-natacao-masculina/macacao-natacao""
""mormaiishop.com.br"":""https://www.mormaiishop.com.br/macac%C3%A3o/neoprene-feminino?map=ft%2Ccategory-1""
""speedo.com.br"":""https://www.speedo.com.br/feminino/macaquinho""
""centauro.com.br"":""https://www.centauro.com.br/nav/produto/macaquinho/produto/maio/esportes/natacao""
""tudoparanatacao.com.br"":""https://www.tudoparanatacao.com.br/macaquinho""
""amazon.com.br"":""https://www.amazon.com.br/macac%C3%A3o-de-nata%C3%A7%C3%A3o-feminino/s?k=macac%C3%A3o+de+nata%C3%A7%C3%A3o+feminino""
""arenawaterinstinct.com.br"":""https://www.arenawaterinstinct.com.br/""","""netshoes.com.br"":""https://www.netshoes.com.br/natacao/macaquinhos/feminino""
""centauro.com.br"":""https://www.centauro.com.br/nav/produto/macaquinho/produto/maio/esportes/natacao""
""amazon.com.br"":""https://www.amazon.com.br/macac%C3%A3o-de-nata%C3%A7%C3%A3o-feminino/s?k=macac%C3%A3o+de+nata%C3%A7%C3%A3o+feminino""
""tudoparanatacao.com.br"":""https://www.tudoparanatacao.com.br/macaquinho""
""lista.mercadolivre.com.br"":""https://lista.mercadolivre.com.br/macaquinho-feminino-de-natacao""
""mormaiishop.com.br"":""https://www.mormaiishop.com.br/macac%C3%A3o/neoprene-feminino?map=ft%2Ccategory-1""
""decathlon.com.br"":""https://www.decathlon.com.br/roupas/conjunto/macaquinhos""
""speedo.com.br"":""https://www.speedo.com.br/feminino/macaquinho""
""fabiolamolina.com.br"":""https://www.fabiolamolina.com.br/loja/moda-esportiva/feminino/macaquinhos""
""shopee.com.br"":""https://shopee.com.br/search?keyword=macaquinho%20de%20nata%C3%A7%C3%A3o"""
br,macacão de natação masculino,roupa de nadador,macacao natacao,neoprene para natação e triathlon,Sub page,,140,10,0.00,0.00,0,Informational,"Image Pack, People Also Ask, Site Links, Video, Image, Popular Products, Related Searches","0.66,0.66,0.52,0.66,0.66,0.80,1.00,0.52,0.66,0.80,0.66,0.80",,"""decathlon.com.br"":""https://www.decathlon.com.br/roupas/conjunto/macaquinhos""
""netshoes.com.br"":""https://www.netshoes.com.br/natacao/macaquinhos/feminino""
""speedo.com.br"":""https://www.speedo.com.br/sungas-e-macaquinhos""
""medinas.com.br"":""https://www.medinas.com.br/roupa-natacao-masculina/macacao-natacao""
""mormaiishop.com.br"":""https://www.mormaiishop.com.br/macac%C3%A3o/neoprene-feminino?map=ft%2Ccategory-1""
""speedo.com.br"":""https://www.speedo.com.br/feminino/macaquinho""
""centauro.com.br"":""https://www.centauro.com.br/nav/produto/macaquinho/produto/maio/esportes/natacao""
""tudoparanatacao.com.br"":""https://www.tudoparanatacao.com.br/macaquinho""
""amazon.com.br"":""https://www.amazon.com.br/macac%C3%A3o-de-nata%C3%A7%C3%A3o-feminino/s?k=macac%C3%A3o+de+nata%C3%A7%C3%A3o+feminino""
""arenawaterinstinct.com.br"":""https://www.arenawaterinstinct.com.br/""","""lista.mercadolivre.com.br"":""https://lista.mercadolivre.com.br/macacao-de-natacao-masculino""
""medinas.com.br"":""https://www.medinas.com.br/roupa-natacao-masculina/macacao-natacao""
""speedo.com.br"":""https://www.speedo.com.br/sungas-e-macaquinhos""
""tudoparanatacao.com.br"":""https://www.tudoparanatacao.com.br/masculino""
""mormaiishop.com.br"":""https://www.mormaiishop.com.br/Macac%C3%A3o/neoprene-masculino/mormaii?map=ft%2Ccategory-1%2Cbrand""
""flets.com.br"":""https://flets.com.br/collections/macaquinho-masculino""
""decathlon.com.br"":""https://www.decathlon.com.br/roupas/conjunto/macaquinhos""
""arenawaterinstinct.com.br"":""https://www.arenawaterinstinct.com.br/""
""shopee.com.br"":""https://shopee.com.br/Macaquinho-Shorts-Nata%C3%A7%C3%A3o-Infantil-Menino-Macac%C3%A3o-Ver%C3%A3o-Com-prote%C3%A7%C3%A3o-UV50-Para-Praia-Piscina-i.559097671.22893169169""
""netshoes.com.br"":""https://www.netshoes.com.br/busca/macacao-para-natacao"""
br,macacao para natacao,neoprene feminino,macacao natacao,neoprene para natação e triathlon,Sub page,,140,15,0.00,0.00,0,Informational,"Image Pack, People Also Ask, Site Links, Video, Image, Related Searches","0.22,0.14,0.14,0.29,0.35,0.35,0.35,0.29,0.22,0.22,0.43,0.35",,"""decathlon.com.br"":""https://www.decathlon.com.br/roupas/conjunto/macaquinhos""
""netshoes.com.br"":""https://www.netshoes.com.br/natacao/macaquinhos/feminino""
""speedo.com.br"":""https://www.speedo.com.br/sungas-e-macaquinhos""
""medinas.com.br"":""https://www.medinas.com.br/roupa-natacao-masculina/macacao-natacao""
""mormaiishop.com.br"":""https://www.mormaiishop.com.br/macac%C3%A3o/neoprene-feminino?map=ft%2Ccategory-1""
""speedo.com.br"":""https://www.speedo.com.br/feminino/macaquinho""
""centauro.com.br"":""https://www.centauro.com.br/nav/produto/macaquinho/produto/maio/esportes/natacao""
""tudoparanatacao.com.br"":""https://www.tudoparanatacao.com.br/macaquinho""
""amazon.com.br"":""https://www.amazon.com.br/macac%C3%A3o-de-nata%C3%A7%C3%A3o-feminino/s?k=macac%C3%A3o+de+nata%C3%A7%C3%A3o+feminino""
""arenawaterinstinct.com.br"":""https://www.arenawaterinstinct.com.br/""","""centauro.com.br"":""https://www.centauro.com.br/nav/produto/macaquinho/esportes/natacao""
""netshoes.com.br"":""https://www.netshoes.com.br/natacao/macaquinhos/feminino""
""speedo.com.br"":""https://www.speedo.com.br/sungas-e-macaquinhos""
""decathlon.com.br"":""https://www.decathlon.com.br/roupas/conjunto/macaquinhos""
""mormaiishop.com.br"":""https://www.mormaiishop.com.br/macac%C3%A3o/neoprene-feminino?map=ft%2Ccategory-1""
""amazon.com.br"":""https://www.amazon.com.br/macac%C3%A3o-nata%C3%A7%C3%A3o-feminino/s?k=macac%C3%A3o+nata%C3%A7%C3%A3o+feminino""
""medinas.com.br"":""https://www.medinas.com.br/roupa-natacao-masculina/macacao-natacao""
""shopee.com.br"":""https://shopee.com.br/search?keyword=Macacao%20Natacao&utm_campaign=-&utm_content=AchadinhosPOCMySearchKeywords2024MASTERv5-cupom-shopee-brasil-macacaonatacao&utm_medium%3Daffiliates&utm_source=an%5F18375340002""
""speedo.com.br"":""https://www.speedo.com.br/feminino/macaquinho""
""arenawaterinstinct.com.br"":""https://www.arenawaterinstinct.com.br/"""
br,maiô natação masculino,roupa de natação masculino,maiô natação masculino,neoprene para natação e triathlon,Sub page,,210,19,0.00,0.00,0,Informational,"Image Pack, Site Links, Video, Image, Popular Products, Related Searches","0.81,0.81,0.65,0.65,1.00,0.81,0.65,0.53,0.53,0.53,0.65,0.65",,"""netshoes.com.br"":""https://www.netshoes.com.br/natacao/maios/masculino""
""speedo.com.br"":""https://www.speedo.com.br/maio-performance---preto-020437-180/p""
""lista.mercadolivre.com.br"":""https://lista.mercadolivre.com.br/maio-natacao-masculino""
""centauro.com.br"":""https://www.centauro.com.br/busca/maio-natacao""
""zattini.com.br"":""https://www.zattini.com.br/maios/masculino""
""magazineluiza.com.br"":""https://www.magazineluiza.com.br/busca/maio+de+natacao+masculino/""
""arenawaterinstinct.com.br"":""https://www.arenawaterinstinct.com.br/masculino""
""decathlon.com.br"":""https://www.decathlon.com.br/roupas/maios""
""amazon.com.br"":""https://www.amazon.com.br/maio-nata%C3%A7%C3%A3o-adulto/s?k=maio+nata%C3%A7%C3%A3o+adulto""
""arenawaterinstinct.com.br"":""https://www.arenawaterinstinct.com.br/""","""netshoes.com.br"":""https://www.netshoes.com.br/natacao/maios/masculino""
""speedo.com.br"":""https://www.speedo.com.br/maio-performance---preto-020437-180/p""
""lista.mercadolivre.com.br"":""https://lista.mercadolivre.com.br/maio-natacao-masculino""
""centauro.com.br"":""https://www.centauro.com.br/busca/maio-natacao""
""medinas.com.br"":""https://www.medinas.com.br/""
""zattini.com.br"":""https://www.zattini.com.br/maios/masculino""
""decathlon.com.br"":""https://www.decathlon.com.br/roupas/maios""
""arenawaterinstinct.com.br"":""https://www.arenawaterinstinct.com.br/masculino""
""magazineluiza.com.br"":""https://www.magazineluiza.com.br/busca/maio+de+natacao+masculino/""
""amazon.com.br"":""https://www.amazon.com.br/maio-nata%C3%A7%C3%A3o-adulto/s?k=maio+nata%C3%A7%C3%A3o+adulto"""
br,maio masculino natação,roupa de nadador,maiô natação masculino,neoprene para natação e triathlon,Sub page,,210,21,0.00,0.00,0,Informational,"Image Pack, Site Links, Video, Image, Popular Products, Related Searches","1.00,1.00,0.80,0.65,1.00,0.80,0.65,0.53,0.53,0.53,0.80,1.00",,"""netshoes.com.br"":""https://www.netshoes.com.br/natacao/maios/masculino""
""speedo.com.br"":""https://www.speedo.com.br/maio-performance---preto-020437-180/p""
""lista.mercadolivre.com.br"":""https://lista.mercadolivre.com.br/maio-natacao-masculino""
""centauro.com.br"":""https://www.centauro.com.br/busca/maio-natacao""
""zattini.com.br"":""https://www.zattini.com.br/maios/masculino""
""magazineluiza.com.br"":""https://www.magazineluiza.com.br/busca/maio+de+natacao+masculino/""
""arenawaterinstinct.com.br"":""https://www.arenawaterinstinct.com.br/masculino""
""decathlon.com.br"":""https://www.decathlon.com.br/roupas/maios""
""amazon.com.br"":""https://www.amazon.com.br/maio-nata%C3%A7%C3%A3o-adulto/s?k=maio+nata%C3%A7%C3%A3o+adulto""
""arenawaterinstinct.com.br"":""https://www.arenawaterinstinct.com.br/""","""netshoes.com.br"":""https://www.netshoes.com.br/natacao/maios/masculino""
""speedo.com.br"":""https://www.speedo.com.br/maio-performance---preto-020437-180/p""
""lista.mercadolivre.com.br"":""https://lista.mercadolivre.com.br/maio-natacao-masculino""
""arenawaterinstinct.com.br"":""https://www.arenawaterinstinct.com.br/""
""lista.mercadolivre.com.br"":""https://lista.mercadolivre.com.br/maio-masculino-nata%C3%A7%C3%A3o""
""centauro.com.br"":""https://www.centauro.com.br/busca/maio-natacao""
""zattini.com.br"":""https://www.zattini.com.br/maios/masculino""
""decathlon.com.br"":""https://www.decathlon.com.br/roupas/maios""
""amazon.com.br"":""https://www.amazon.com.br/maio-nata%C3%A7%C3%A3o-adulto/s?k=maio+nata%C3%A7%C3%A3o+adulto""
""netshoes.com.br"":""https://www.netshoes.com.br/busca/maio-natacao"""
br,maiô masculino para natação,roupa de natação masculino,maiô natação masculino,neoprene para natação e triathlon,Sub page,,210,22,0.00,0.00,0,"Informational, Commercial","Image Pack, People Also Ask, Site Links, Video, Image, Popular Products, Related Searches","0.81,0.81,0.65,0.65,1.00,0.81,0.65,0.53,0.53,0.53,0.65,0.65",,"""netshoes.com.br"":""https://www.netshoes.com.br/natacao/maios/masculino""
""speedo.com.br"":""https://www.speedo.com.br/maio-performance---preto-020437-180/p""
""lista.mercadolivre.com.br"":""https://lista.mercadolivre.com.br/maio-natacao-masculino""
""centauro.com.br"":""https://www.centauro.com.br/busca/maio-natacao""
""zattini.com.br"":""https://www.zattini.com.br/maios/masculino""
""magazineluiza.com.br"":""https://www.magazineluiza.com.br/busca/maio+de+natacao+masculino/""
""arenawaterinstinct.com.br"":""https://www.arenawaterinstinct.com.br/masculino""
""decathlon.com.br"":""https://www.decathlon.com.br/roupas/maios""
""amazon.com.br"":""https://www.amazon.com.br/maio-nata%C3%A7%C3%A3o-adulto/s?k=maio+nata%C3%A7%C3%A3o+adulto""
""arenawaterinstinct.com.br"":""https://www.arenawaterinstinct.com.br/""","""netshoes.com.br"":""https://www.netshoes.com.br/natacao/maios/masculino""
""lista.mercadolivre.com.br"":""https://lista.mercadolivre.com.br/maio-natacao-masculino""
""speedo.com.br"":""https://www.speedo.com.br/maio-performance---preto-020437-180/p""
""centauro.com.br"":""https://www.centauro.com.br/busca/maio-natacao""
""magazineluiza.com.br"":""https://www.magazineluiza.com.br/busca/maio+de+natacao+masculino/""
""zattini.com.br"":""https://www.zattini.com.br/maios/masculino""
""arenawaterinstinct.com.br"":""https://www.arenawaterinstinct.com.br/masculino""
""decathlon.com.br"":""https://www.decathlon.com.br/roupas/intimas/maios""
""amazon.com.br"":""https://www.amazon.com.br/mai%C3%B4-masculino/s?k=mai%C3%B4+masculino""
""hammerhead.com.br"":""https://www.hammerhead.com.br/natacao/roupas-para-natacao"""
br,maios esportivos,roupa de nadador,maios esportivos,neoprene para natação e triathlon,Sub page,,260,17,0.00,0.00,0,"Informational, Commercial","Image Pack, Site Links, Video, Image, Popular Products, Related Searches","0.81,0.66,1.00,0.66,1.00,0.81,0.66,0.29,0.10,0.00,0.29,0.04",,"""fabiolamolina.com.br"":""https://www.fabiolamolina.com.br/loja/moda-esportiva/feminino/maios""
""speedo.com.br"":""https://www.speedo.com.br/feminino/maios""
""netshoes.com.br"":""https://www.netshoes.com.br/natacao/maios""
""arenawaterinstinct.com.br"":""https://www.arenawaterinstinct.com.br/""
""esportesdeluxe.com.br"":""https://esportesdeluxe.com.br/blog-natacao/melhores-maios-para-natacao/""
""liveoficial.com.br"":""https://www.liveoficial.com.br/moda-praia/maios""
""centauro.com.br"":""https://www.centauro.com.br/nav/produto/maio/esportes/natacao""
""useepulari.com.br"":""https://www.useepulari.com.br/blog/maio-para-natacao""
""decathlon.com.br"":""https://www.decathlon.com.br/roupas/maios""
""mormaiishop.com.br"":""https://www.mormaiishop.com.br/moda-praia-feminina/maio""","""fabiolamolina.com.br"":""https://www.fabiolamolina.com.br/loja/moda-esportiva/feminino/maios""
""speedo.com.br"":""https://www.speedo.com.br/feminino/maios""
""liveoficial.com.br"":""https://www.liveoficial.com.br/moda-praia/maios""
""centauro.com.br"":""https://www.centauro.com.br/nav/produto/maio/esportes/natacao""
""decathlon.com.br"":""https://www.decathlon.com.br/roupas/maios""
""mormaiishop.com.br"":""https://www.mormaiishop.com.br/moda-praia-feminina/maio""
""netshoes.com.br"":""https://www.netshoes.com.br/natacao/maios""
""lygiaenanny.com.br"":""https://www.lygiaenanny.com.br/c/maios/esportivo""
""hammerhead.com.br"":""https://www.hammerhead.com.br/feminino/roupas-para-natacao/maios""
""arenawaterinstinct.com.br"":""https://www.arenawaterinstinct.com.br/"""
br,melhores maios para natação,roupa de nadador,maios esportivos,neoprene para natação e triathlon,Sub page,,90,9,0.00,0.00,0,Commercial,"Image Pack, Video Carousel, AI Overview, Site Links, Video, Popular Products, Related Searches","0.78,0.64,0.50,0.50,1.00,1.00,0.78,0.50,0.50,0.35,0.35,0.50",,"""fabiolamolina.com.br"":""https://www.fabiolamolina.com.br/loja/moda-esportiva/feminino/maios""
""speedo.com.br"":""https://www.speedo.com.br/feminino/maios""
""netshoes.com.br"":""https://www.netshoes.com.br/natacao/maios""
""arenawaterinstinct.com.br"":""https://www.arenawaterinstinct.com.br/""
""esportesdeluxe.com.br"":""https://esportesdeluxe.com.br/blog-natacao/melhores-maios-para-natacao/""
""liveoficial.com.br"":""https://www.liveoficial.com.br/moda-praia/maios""
""centauro.com.br"":""https://www.centauro.com.br/nav/produto/maio/esportes/natacao""
""useepulari.com.br"":""https://www.useepulari.com.br/blog/maio-para-natacao""
""decathlon.com.br"":""https://www.decathlon.com.br/roupas/maios""
""mormaiishop.com.br"":""https://www.mormaiishop.com.br/moda-praia-feminina/maio""","""speedo.com.br"":""https://www.speedo.com.br/feminino/maios""
""fabiolamolina.com.br"":""https://www.fabiolamolina.com.br/loja/moda-esportiva/feminino/maios""
""esportesdeluxe.com.br"":""https://esportesdeluxe.com.br/blog-natacao/melhores-maios-para-natacao/""
""useepulari.com.br"":""https://www.useepulari.com.br/blog/maio-para-natacao""
""netshoes.com.br"":""https://www.netshoes.com.br/natacao/maios""
""arenawaterinstinct.com.br"":""https://www.arenawaterinstinct.com.br/""
""byonica.com.br"":""https://www.byonica.com.br/maios/""
""esportelandia.com.br"":""https://www.esportelandia.com.br/natacao/top-5-maios-de-natacao/""
""br.my-best.com"":""https://br.my-best.com/18922""
""topmodel.com.br"":""https://www.topmodel.com.br/natacao/maios-para-natacao"""
br,roupa de borracha para natação,roupa neoprene,roupa de borracha para natação,neoprene para natação e triathlon,Pillar page,,390,7,0.00,0.00,0,Commercial,"Image Pack, Site Links, Video, Image, Popular Products, Related Searches","0.66,0.81,0.44,0.66,0.44,1.00,0.81,0.66,0.66,0.81,0.54,0.44",,"""mormaiishop.com.br"":""https://www.mormaiishop.com.br/neoprene-masculino""
""lojaoutside2.com.br"":""https://www.lojaoutside2.com.br/neoprene/natacao""
""amazon.com.br"":""https://www.amazon.com.br/neoprene-nata%C3%A7%C3%A3o/s?k=neoprene+nata%C3%A7%C3%A3o""
""lista.mercadolivre.com.br"":""https://lista.mercadolivre.com.br/roupa-neoprene-natacao""
""tyrsport.com.br"":""https://tyrsport.com.br/collections/roupa-de-borracha""
""lojaoutside.com.br"":""https://www.lojaoutside.com.br/neoprene-natacao""
""blog.speedo.com.br"":""https://blog.speedo.com.br/produtos/roupa-de-borracha-para-natacao-como-escolher/""
""olx.com.br"":""https://www.olx.com.br/anuncios/roupa-de-neoprene-natacao""
""lojaoutside.com.br"":""https://www.lojaoutside.com.br/natacao""
""lojaoutside.com.br"":""https://www.lojaoutside.com.br/cadastro/roupa-neoprene-natacao-smootskin-longa-emborrachada-2-2-competition""","""lojaoutside2.com.br"":""https://www.lojaoutside2.com.br/neoprene/natacao""
""lojaoutside.com.br"":""https://www.lojaoutside.com.br/neoprene-natacao""
""mormaiishop.com.br"":""https://www.mormaiishop.com.br/neoprene-masculino""
""tyrsport.com.br"":""https://tyrsport.com.br/collections/roupa-de-borracha""
""lista.mercadolivre.com.br"":""https://lista.mercadolivre.com.br/roupa-de-borracha-natacao""
""blog.speedo.com.br"":""https://blog.speedo.com.br/produtos/roupa-de-borracha-para-natacao-como-escolher/""
""barcellossports.com.br"":""https://www.barcellossports.com.br/roupa-de-borracha""
""amazon.com.br"":""https://www.amazon.com.br/neoprene-nata%C3%A7%C3%A3o/s?k=neoprene+nata%C3%A7%C3%A3o""
""polianaokimoto.com.br"":""https://polianaokimoto.com.br/roupa-de-borracha/""
""youtube.com"":""https://www.youtube.com/watch?v=ja4lOoUk_aQ"""
br,roupa de borracha para triathlon,roupa neoprene natacao,roupa de borracha para natação,neoprene para natação e triathlon,Pillar page,,390,7,0.00,0.00,0,"Informational, Transactional","Image Pack, Video Carousel, People Also Ask, Site Links, Video, Image, Popular Products, Related Searches","0.66,0.54,0.81,0.81,1.00,0.81,0.81,0.66,0.81,0.81,0.81,1.00",,"""mormaiishop.com.br"":""https://www.mormaiishop.com.br/neoprene-masculino""
""lojaoutside2.com.br"":""https://www.lojaoutside2.com.br/neoprene/natacao""
""amazon.com.br"":""https://www.amazon.com.br/neoprene-nata%C3%A7%C3%A3o/s?k=neoprene+nata%C3%A7%C3%A3o""
""lista.mercadolivre.com.br"":""https://lista.mercadolivre.com.br/roupa-neoprene-natacao""
""tyrsport.com.br"":""https://tyrsport.com.br/collections/roupa-de-borracha""
""lojaoutside.com.br"":""https://www.lojaoutside.com.br/neoprene-natacao""
""blog.speedo.com.br"":""https://blog.speedo.com.br/produtos/roupa-de-borracha-para-natacao-como-escolher/""
""olx.com.br"":""https://www.olx.com.br/anuncios/roupa-de-neoprene-natacao""
""lojaoutside.com.br"":""https://www.lojaoutside.com.br/natacao""
""lojaoutside.com.br"":""https://www.lojaoutside.com.br/cadastro/roupa-neoprene-natacao-smootskin-longa-emborrachada-2-2-competition""","""mormaiishop.com.br"":""https://www.mormaiishop.com.br/neoprene-masculino/triathlon""
""tyrsport.com.br"":""https://tyrsport.com.br/collections/roupa-de-borracha""
""blueseventybrasil.com.br"":""https://www.blueseventybrasil.com.br/""
""lista.mercadolivre.com.br"":""https://lista.mercadolivre.com.br/roupa-de-neoprene-para-triathlon""
""lojaoutside.com.br"":""https://www.lojaoutside.com.br/neoprene-natacao""
""olx.com.br"":""https://www.olx.com.br/anuncios/roupa-de-borracha-triathlon""
""huubbrasil.com.br"":""https://huubbrasil.com.br/""
""tritruques.com.br"":""https://tritruques.com.br/post/melhores-wetsuits/""
""youtube.com"":""https://www.youtube.com/watch?v=Bycaek3WHYc""
""barcellossports.com.br"":""https://www.barcellossports.com.br/roupa-de-borracha"""
br,roupa neoprene para natação,camisa neoprene,roupa de borracha para natação,neoprene para natação e triathlon,Pillar page,,390,8,0.00,0.00,0,"Informational, Commercial","Video Carousel, Site Links, Video, Popular Products, Related Searches","0.54,0.66,0.54,0.66,0.54,0.81,1.00,0.81,0.81,0.66,0.66,0.54",,"""mormaiishop.com.br"":""https://www.mormaiishop.com.br/neoprene-masculino""
""lojaoutside2.com.br"":""https://www.lojaoutside2.com.br/neoprene/natacao""
""amazon.com.br"":""https://www.amazon.com.br/neoprene-nata%C3%A7%C3%A3o/s?k=neoprene+nata%C3%A7%C3%A3o""
""lista.mercadolivre.com.br"":""https://lista.mercadolivre.com.br/roupa-neoprene-natacao""
""tyrsport.com.br"":""https://tyrsport.com.br/collections/roupa-de-borracha""
""lojaoutside.com.br"":""https://www.lojaoutside.com.br/neoprene-natacao""
""blog.speedo.com.br"":""https://blog.speedo.com.br/produtos/roupa-de-borracha-para-natacao-como-escolher/""
""olx.com.br"":""https://www.olx.com.br/anuncios/roupa-de-neoprene-natacao""
""lojaoutside.com.br"":""https://www.lojaoutside.com.br/natacao""
""lojaoutside.com.br"":""https://www.lojaoutside.com.br/cadastro/roupa-neoprene-natacao-smootskin-longa-emborrachada-2-2-competition""","""lojaoutside.com.br"":""https://www.lojaoutside.com.br/natacao""
""lista.mercadolivre.com.br"":""https://lista.mercadolivre.com.br/roupa-neoprene-natacao""
""lojaoutside2.com.br"":""https://www.lojaoutside2.com.br/neoprene/natacao""
""mormaiishop.com.br"":""https://www.mormaiishop.com.br/neoprene-masculino""
""tyrsport.com.br"":""https://tyrsport.com.br/collections/roupa-de-borracha""
""blog.speedo.com.br"":""https://blog.speedo.com.br/produtos/roupa-de-borracha-para-natacao-como-escolher/""
""amazon.com.br"":""https://www.amazon.com.br/neoprene-nata%C3%A7%C3%A3o/s?k=neoprene+nata%C3%A7%C3%A3o""
""olx.com.br"":""https://www.olx.com.br/anuncios/roupa-de-neoprene-natacao""
""lojazone3.com.br"":""https://www.lojazone3.com.br/wetsuit/masculino/roupa-neoprene-natacao-e-triathlon-zone3-aspire""
""netshoes.com.br"":""https://www.netshoes.com.br/busca/roupa-diversos-natacao-neoprene"""
br,roupa neoprene natação,roupa natação neoprene,roupa de borracha para natação,neoprene para natação e triathlon,Pillar page,,390,10,0.00,0.00,0,Commercial,"Video Carousel, Site Links, Video, Image, Popular Products, Related Searches","0.35,0.54,0.44,0.66,0.81,0.66,0.81,0.81,0.66,0.54,0.66,0.54",,"""mormaiishop.com.br"":""https://www.mormaiishop.com.br/neoprene-masculino""
""lojaoutside2.com.br"":""https://www.lojaoutside2.com.br/neoprene/natacao""
""amazon.com.br"":""https://www.amazon.com.br/neoprene-nata%C3%A7%C3%A3o/s?k=neoprene+nata%C3%A7%C3%A3o""
""lista.mercadolivre.com.br"":""https://lista.mercadolivre.com.br/roupa-neoprene-natacao""
""tyrsport.com.br"":""https://tyrsport.com.br/collections/roupa-de-borracha""
""lojaoutside.com.br"":""https://www.lojaoutside.com.br/neoprene-natacao""
""blog.speedo.com.br"":""https://blog.speedo.com.br/produtos/roupa-de-borracha-para-natacao-como-escolher/""
""olx.com.br"":""https://www.olx.com.br/anuncios/roupa-de-neoprene-natacao""
""lojaoutside.com.br"":""https://www.lojaoutside.com.br/natacao""
""lojaoutside.com.br"":""https://www.lojaoutside.com.br/cadastro/roupa-neoprene-natacao-smootskin-longa-emborrachada-2-2-competition""","""lojaoutside.com.br"":""https://www.lojaoutside.com.br/natacao""
""lojaoutside2.com.br"":""https://www.lojaoutside2.com.br/neoprene/natacao""
""mormaiishop.com.br"":""https://www.mormaiishop.com.br/neoprene-masculino""
""lista.mercadolivre.com.br"":""https://lista.mercadolivre.com.br/roupa-neoprene-natacao""
""amazon.com.br"":""https://www.amazon.com.br/neoprene-nata%C3%A7%C3%A3o/s?k=neoprene+nata%C3%A7%C3%A3o""
""blog.speedo.com.br"":""https://blog.speedo.com.br/produtos/roupa-de-borracha-para-natacao-como-escolher/""
""olx.com.br"":""https://www.olx.com.br/anuncios/roupa-de-neoprene-natacao""
""tyrsport.com.br"":""https://tyrsport.com.br/collections/roupa-de-borracha""
""netshoes.com.br"":""https://www.netshoes.com.br/busca/neoprene-natacao""
""claumar.com.br"":""https://www.claumar.com.br/categoria/146/natacao---triathlon/roupas-de-neoprene"""
br,roupa de borracha natação,roupa neoprene,roupa de borracha para natação,neoprene para natação e triathlon,Pillar page,,320,7,0.00,0.00,0,Commercial,"Image Pack, People Also Ask, Site Links, Video, Image, Popular Products, Related Searches","0.66,0.66,0.54,0.44,0.81,0.66,0.66,0.54,0.81,0.54,0.54,0.44",,"""mormaiishop.com.br"":""https://www.mormaiishop.com.br/neoprene-masculino""
""lojaoutside2.com.br"":""https://www.lojaoutside2.com.br/neoprene/natacao""
""amazon.com.br"":""https://www.amazon.com.br/neoprene-nata%C3%A7%C3%A3o/s?k=neoprene+nata%C3%A7%C3%A3o""
""lista.mercadolivre.com.br"":""https://lista.mercadolivre.com.br/roupa-neoprene-natacao""
""tyrsport.com.br"":""https://tyrsport.com.br/collections/roupa-de-borracha""
""lojaoutside.com.br"":""https://www.lojaoutside.com.br/neoprene-natacao""
""blog.speedo.com.br"":""https://blog.speedo.com.br/produtos/roupa-de-borracha-para-natacao-como-escolher/""
""olx.com.br"":""https://www.olx.com.br/anuncios/roupa-de-neoprene-natacao""
""lojaoutside.com.br"":""https://www.lojaoutside.com.br/natacao""
""lojaoutside.com.br"":""https://www.lojaoutside.com.br/cadastro/roupa-neoprene-natacao-smootskin-longa-emborrachada-2-2-competition""","""lojaoutside.com.br"":""https://www.lojaoutside.com.br/neoprene-natacao""
""mormaiishop.com.br"":""https://www.mormaiishop.com.br/neoprene-masculino""
""tyrsport.com.br"":""https://tyrsport.com.br/collections/roupa-de-borracha""
""blueseventybrasil.com.br"":""https://www.blueseventybrasil.com.br/""
""lista.mercadolivre.com.br"":""https://lista.mercadolivre.com.br/roupa-neoprene-natacao""
""blog.speedo.com.br"":""https://blog.speedo.com.br/produtos/roupa-de-borracha-para-natacao-como-escolher/""
""lojaoutside2.com.br"":""https://www.lojaoutside2.com.br/neoprene/natacao""
""barcellossports.com.br"":""https://www.barcellossports.com.br/roupa-de-borracha?limit=24&mode=list""
""aquon.com.br"":""https://www.aquon.com.br/""
""youtube.com"":""https://www.youtube.com/watch?v=ja4lOoUk_aQ"""
br,neoprene natação,neoprene,roupa de borracha para natação,neoprene para natação e triathlon,Pillar page,,260,9,0.00,0.00,0,"Informational, Commercial","Video Carousel, Site Links, Video, Popular Products, Related Searches","0.54,0.54,0.22,0.43,0.43,0.43,0.81,0.66,1.00,0.81,0.54,0.66",,"""mormaiishop.com.br"":""https://www.mormaiishop.com.br/neoprene-masculino""
""lojaoutside2.com.br"":""https://www.lojaoutside2.com.br/neoprene/natacao""
""amazon.com.br"":""https://www.amazon.com.br/neoprene-nata%C3%A7%C3%A3o/s?k=neoprene+nata%C3%A7%C3%A3o""
""lista.mercadolivre.com.br"":""https://lista.mercadolivre.com.br/roupa-neoprene-natacao""
""tyrsport.com.br"":""https://tyrsport.com.br/collections/roupa-de-borracha""
""lojaoutside.com.br"":""https://www.lojaoutside.com.br/neoprene-natacao""
""blog.speedo.com.br"":""https://blog.speedo.com.br/produtos/roupa-de-borracha-para-natacao-como-escolher/""
""olx.com.br"":""https://www.olx.com.br/anuncios/roupa-de-neoprene-natacao""
""lojaoutside.com.br"":""https://www.lojaoutside.com.br/natacao""
""lojaoutside.com.br"":""https://www.lojaoutside.com.br/cadastro/roupa-neoprene-natacao-smootskin-longa-emborrachada-2-2-competition""","""lojaoutside.com.br"":""https://www.lojaoutside.com.br/natacao""
""lojaoutside2.com.br"":""https://www.lojaoutside2.com.br/neoprene/natacao""
""mormaiishop.com.br"":""https://www.mormaiishop.com.br/neoprene-masculino""
""amazon.com.br"":""https://www.amazon.com.br/neoprene-nata%C3%A7%C3%A3o/s?k=neoprene+nata%C3%A7%C3%A3o""
""tyrsport.com.br"":""https://tyrsport.com.br/products/roupa-de-neoprene-natacao-triathlon-tyr-cat2-masculina-com-mangas""
""lista.mercadolivre.com.br"":""https://lista.mercadolivre.com.br/roupa-neoprene-natacao""
""lojaoutside.com.br"":""https://www.lojaoutside.com.br/cadastro/roupa-neoprene-natacao-smootskin-longa-emborrachada-2-2-competition""
""olx.com.br"":""https://www.olx.com.br/anuncios/roupa-de-neoprene-natacao""
""mormaiishop.com.br"":""https://www.mormaiishop.com.br/neoprene-feminino""
""netshoes.com.br"":""https://www.netshoes.com.br/busca/neoprene-natacao"""
br,neoprene para natação,neoprene,roupa de borracha para natação,neoprene para natação e triathlon,Pillar page,,210,11,0.00,0.00,0,"Informational, Commercial","Image Pack, People Also Ask, Site Links, Video, Popular Products, Related Searches","0.44,0.35,0.23,0.28,0.35,0.28,1.00,0.44,0.54,0.44,0.35,0.28",,"""mormaiishop.com.br"":""https://www.mormaiishop.com.br/neoprene-masculino""
""lojaoutside2.com.br"":""https://www.lojaoutside2.com.br/neoprene/natacao""
""amazon.com.br"":""https://www.amazon.com.br/neoprene-nata%C3%A7%C3%A3o/s?k=neoprene+nata%C3%A7%C3%A3o""
""lista.mercadolivre.com.br"":""https://lista.mercadolivre.com.br/roupa-neoprene-natacao""
""tyrsport.com.br"":""https://tyrsport.com.br/collections/roupa-de-borracha""
""lojaoutside.com.br"":""https://www.lojaoutside.com.br/neoprene-natacao""
""blog.speedo.com.br"":""https://blog.speedo.com.br/produtos/roupa-de-borracha-para-natacao-como-escolher/""
""olx.com.br"":""https://www.olx.com.br/anuncios/roupa-de-neoprene-natacao""
""lojaoutside.com.br"":""https://www.lojaoutside.com.br/natacao""
""lojaoutside.com.br"":""https://www.lojaoutside.com.br/cadastro/roupa-neoprene-natacao-smootskin-longa-emborrachada-2-2-competition""","""lojaoutside.com.br"":""https://www.lojaoutside.com.br/neoprene-natacao""
""mormaiishop.com.br"":""https://www.mormaiishop.com.br/neoprene-masculino""
""lojaoutside2.com.br"":""https://www.lojaoutside2.com.br/neoprene/natacao""
""amazon.com.br"":""https://www.amazon.com.br/neoprene-nata%C3%A7%C3%A3o/s?k=neoprene+nata%C3%A7%C3%A3o""
""lista.mercadolivre.com.br"":""https://lista.mercadolivre.com.br/roupa-neoprene-natacao""
""olx.com.br"":""https://www.olx.com.br/anuncios/roupa-de-neoprene-natacao""
""mormaiishop.com.br"":""https://www.mormaiishop.com.br/neoprene-feminino""
""lojaoutside.com.br"":""https://www.lojaoutside.com.br/cadastro/roupa-neoprene-natacao-smootskin-longa-emborrachada-2-2-competition""
""decathlon.com.br"":""https://www.decathlon.com.br/roupas/conjunto/neoprenes""
""kanaha.com.br"":""https://www.kanaha.com.br/roupa-de-neoprene-para-natacao"""
br,neoprene natacao,neoprene,roupa de borracha para natação,neoprene para natação e triathlon,Pillar page,,170,11,0.00,0.00,0,Commercial,"Video Carousel, Site Links, Video, Shopping Ads, Popular Products, Related Searches","0.43,0.12,0.15,0.12,0.15,0.12,1.00,0.65,1.00,0.81,0.81,0.65",,"""mormaiishop.com.br"":""https://www.mormaiishop.com.br/neoprene-masculino""
""lojaoutside2.com.br"":""https://www.lojaoutside2.com.br/neoprene/natacao""
""amazon.com.br"":""https://www.amazon.com.br/neoprene-nata%C3%A7%C3%A3o/s?k=neoprene+nata%C3%A7%C3%A3o""
""lista.mercadolivre.com.br"":""https://lista.mercadolivre.com.br/roupa-neoprene-natacao""
""tyrsport.com.br"":""https://tyrsport.com.br/collections/roupa-de-borracha""
""lojaoutside.com.br"":""https://www.lojaoutside.com.br/neoprene-natacao""
""blog.speedo.com.br"":""https://blog.speedo.com.br/produtos/roupa-de-borracha-para-natacao-como-escolher/""
""olx.com.br"":""https://www.olx.com.br/anuncios/roupa-de-neoprene-natacao""
""lojaoutside.com.br"":""https://www.lojaoutside.com.br/natacao""
""lojaoutside.com.br"":""https://www.lojaoutside.com.br/cadastro/roupa-neoprene-natacao-smootskin-longa-emborrachada-2-2-competition""","""lojaoutside.com.br"":""https://www.lojaoutside.com.br/natacao""
""lojaoutside2.com.br"":""https://www.lojaoutside2.com.br/neoprene/natacao""
""mormaiishop.com.br"":""https://www.mormaiishop.com.br/neoprene-masculino""
""lista.mercadolivre.com.br"":""https://lista.mercadolivre.com.br/roupa-neoprene-natacao""
""outsidestore.com.br"":""https://www.outsidestore.com.br/lista/esportes-fitness/mergulho/roupas/macacoes-neoprene/""
""amazon.com.br"":""https://www.amazon.com.br/neoprene-nata%C3%A7%C3%A3o/s?k=neoprene+nata%C3%A7%C3%A3o""
""lojaoutside.com.br"":""https://www.lojaoutside.com.br/cadastro/roupa-neoprene-natacao-smootskin-longa-emborrachada-2-2-competition""
""decathlon.com.br"":""https://www.decathlon.com.br/roupas/conjunto/neoprenes""
""mormaiishop.com.br"":""https://www.mormaiishop.com.br/neoprene-feminino""
""netshoes.com.br"":""https://www.netshoes.com.br/busca/roupa-velox-neoprene-natacao"""
br,roupa neoprene natacao,roupa neoprene,roupa de borracha para natação,neoprene para natação e triathlon,Pillar page,,110,11,0.00,0.00,0,Commercial,"Image Pack, People Also Ask, Site Links, Video, Image, Popular Products, Related Searches","1.00,0.23,0.23,0.19,0.33,0.19,0.66,0.33,0.66,0.80,0.52,0.52",,"""mormaiishop.com.br"":""https://www.mormaiishop.com.br/neoprene-masculino""
""lojaoutside2.com.br"":""https://www.lojaoutside2.com.br/neoprene/natacao""
""amazon.com.br"":""https://www.amazon.com.br/neoprene-nata%C3%A7%C3%A3o/s?k=neoprene+nata%C3%A7%C3%A3o""
""lista.mercadolivre.com.br"":""https://lista.mercadolivre.com.br/roupa-neoprene-natacao""
""tyrsport.com.br"":""https://tyrsport.com.br/collections/roupa-de-borracha""
""lojaoutside.com.br"":""https://www.lojaoutside.com.br/neoprene-natacao""
""blog.speedo.com.br"":""https://blog.speedo.com.br/produtos/roupa-de-borracha-para-natacao-como-escolher/""
""olx.com.br"":""https://www.olx.com.br/anuncios/roupa-de-neoprene-natacao""
""lojaoutside.com.br"":""https://www.lojaoutside.com.br/natacao""
""lojaoutside.com.br"":""https://www.lojaoutside.com.br/cadastro/roupa-neoprene-natacao-smootskin-longa-emborrachada-2-2-competition""","""mormaiishop.com.br"":""https://www.mormaiishop.com.br/neoprene-masculino""
""lojaoutside.com.br"":""https://www.lojaoutside.com.br/neoprene-natacao""
""lojaoutside2.com.br"":""https://www.lojaoutside2.com.br/neoprene/natacao""
""lista.mercadolivre.com.br"":""https://lista.mercadolivre.com.br/roupa-neoprene-natacao""
""tyrsport.com.br"":""https://tyrsport.com.br/collections/roupa-de-borracha""
""loja.swimchannel.net"":""https://loja.swimchannel.net/categoria-produto/triatlo/roupa-de-neoprene/""
""blog.speedo.com.br"":""https://blog.speedo.com.br/produtos/roupa-de-borracha-para-natacao-como-escolher/""
""amazon.com.br"":""https://www.amazon.com.br/neoprene-nata%C3%A7%C3%A3o/s?k=neoprene+nata%C3%A7%C3%A3o""
""youtube.com"":""https://www.youtube.com/watch?v=ja4lOoUk_aQ""
""olx.com.br"":""https://www.olx.com.br/anuncios/roupa-de-neoprene-natacao"""
br,camisa neoprene para natação,camiseta neoprene,roupa de borracha para natação,neoprene para natação e triathlon,Pillar page,,110,20,0.00,0.00,0,"Informational, Commercial","Image Pack, Site Links, Video, Image, Popular Products, Related Searches","0.42,0.53,0.42,0.34,0.19,0.34,0.26,0.42,0.53,0.65,0.53,0.42",,"""mormaiishop.com.br"":""https://www.mormaiishop.com.br/neoprene-masculino""
""lojaoutside2.com.br"":""https://www.lojaoutside2.com.br/neoprene/natacao""
""amazon.com.br"":""https://www.amazon.com.br/neoprene-nata%C3%A7%C3%A3o/s?k=neoprene+nata%C3%A7%C3%A3o""
""lista.mercadolivre.com.br"":""https://lista.mercadolivre.com.br/roupa-neoprene-natacao""
""tyrsport.com.br"":""https://tyrsport.com.br/collections/roupa-de-borracha""
""lojaoutside.com.br"":""https://www.lojaoutside.com.br/neoprene-natacao""
""blog.speedo.com.br"":""https://blog.speedo.com.br/produtos/roupa-de-borracha-para-natacao-como-escolher/""
""olx.com.br"":""https://www.olx.com.br/anuncios/roupa-de-neoprene-natacao""
""lojaoutside.com.br"":""https://www.lojaoutside.com.br/natacao""
""lojaoutside.com.br"":""https://www.lojaoutside.com.br/cadastro/roupa-neoprene-natacao-smootskin-longa-emborrachada-2-2-competition""","""lista.mercadolivre.com.br"":""https://lista.mercadolivre.com.br/camisa-neoprene-para-natacao""
""lojaoutside.com.br"":""https://www.lojaoutside.com.br/neoprene""
""mormaiishop.com.br"":""https://www.mormaiishop.com.br/neoprene-masculino""
""kanaha.com.br"":""https://www.kanaha.com.br/roupas-de-neoprene""
""amazon.com.br"":""https://www.amazon.com.br/neoprene-nata%C3%A7%C3%A3o/s?k=neoprene+nata%C3%A7%C3%A3o""
""shopee.com.br"":""https://shopee.com.br/Camisa-De-NEOPRENE-LYCRA-Manga-Longa-Seasub-Mergulho-Nata%C3%A7%C3%A3o-E-Pesca-Sub-Ciclismo-i.461659909.9168483033""
""lista.mercadolivre.com.br"":""https://lista.mercadolivre.com.br/camiseta-neoprene-surf""
""lojaoutside2.com.br"":""https://www.lojaoutside2.com.br/neoprene/natacao""
""youtube.com"":""https://www.youtube.com/watch?v=gJM7jTWVGio""
""netshoes.com.br"":""https://www.netshoes.com.br/busca/camisa-neoprene"""
br,roupas de mergulho masculino,roupa mergulho neoprene,roupa de mergulho,neoprene para mergulho e subaquática,Pillar page,,590,14,0.00,0.00,0,"Informational, Commercial","Image Pack, Site Links, Video, Image, Popular Products, Related Searches","0.55,0.36,0.45,0.45,0.45,0.45,0.45,0.36,0.24,0.30,0.24,0.24",,"""maresbrasil.com.br"":""https://www.maresbrasil.com.br/roupas""
""cressi.com.br"":""https://www.cressi.com.br/pages/neoprenes-para-mergulho""
""decathlon.com.br"":""https://www.decathlon.com.br/esportes/mergulho""
""universosub.com.br"":""https://universosub.com.br/pesca-submarina/roupa/""
""lista.mercadolivre.com.br"":""https://lista.mercadolivre.com.br/roupa-de-mergulho""
""mormaiishop.com.br"":""https://www.mormaiishop.com.br/neoprene-masculino/mergulho""
""shopee.com.br"":""https://shopee.com.br/search?keyword=roupa%20de%20mergulho""
""amazon.com.br"":""https://www.amazon.com.br/roupa-de-mergulho/s?k=roupa+de+mergulho""
""loja.seasub.com.br"":""https://loja.seasub.com.br/categoria-produto/mergulho-autonomo/roupas/""
""lista.mercadolivre.com.br"":""https://lista.mercadolivre.com.br/roupa-de-mergulho-completa-com-oxigenio""","""maresbrasil.com.br"":""https://www.maresbrasil.com.br/roupas""
""lista.mercadolivre.com.br"":""https://lista.mercadolivre.com.br/roupa-de-mergulho""
""mormaiishop.com.br"":""https://www.mormaiishop.com.br/neoprene-masculino/mergulho""
""netshoes.com.br"":""https://www.netshoes.com.br/roupas-de-mergulho/masculino""
""loja.seasub.com.br"":""https://loja.seasub.com.br/categoria-produto/mergulho-autonomo/roupas/""
""shopee.com.br"":""https://shopee.com.br/search?keyword=roupa%20de%20mergulho""
""cressi.com.br"":""https://www.cressi.com.br/pages/neoprenes-para-mergulho""
""amazon.com.br"":""https://www.amazon.com.br/roupa-de-mergulho/s?k=roupa+de+mergulho""
""pino.com.br"":""https://www.pino.com.br/""
""decathlon.com.br"":""https://www.decathlon.com.br/esportes/mergulho"""
br,roupa de mergulho,roupa para mergulho neoprene,roupa de mergulho,neoprene para mergulho e subaquática,Pillar page,,8100,12,0.00,0.00,0,"Informational, Commercial","Image Pack, People Also Ask, Site Links, Video, Image, Popular Products, Related Searches","0.81,1.00,0.66,0.81,0.81,0.54,0.44,0.44,0.44,0.54,0.44,0.54",,"""maresbrasil.com.br"":""https://www.maresbrasil.com.br/roupas""
""cressi.com.br"":""https://www.cressi.com.br/pages/neoprenes-para-mergulho""
""decathlon.com.br"":""https://www.decathlon.com.br/esportes/mergulho""
""universosub.com.br"":""https://universosub.com.br/pesca-submarina/roupa/""
""lista.mercadolivre.com.br"":""https://lista.mercadolivre.com.br/roupa-de-mergulho""
""mormaiishop.com.br"":""https://www.mormaiishop.com.br/neoprene-masculino/mergulho""
""shopee.com.br"":""https://shopee.com.br/search?keyword=roupa%20de%20mergulho""
""amazon.com.br"":""https://www.amazon.com.br/roupa-de-mergulho/s?k=roupa+de+mergulho""
""loja.seasub.com.br"":""https://loja.seasub.com.br/categoria-produto/mergulho-autonomo/roupas/""
""lista.mercadolivre.com.br"":""https://lista.mercadolivre.com.br/roupa-de-mergulho-completa-com-oxigenio""","""maresbrasil.com.br"":""https://www.maresbrasil.com.br/roupas""
""rotasub.com.br"":""https://www.rotasub.com.br/search/?q=Roupa+mergulho""
""cressi.com.br"":""https://www.cressi.com.br/pages/neoprenes-para-mergulho""
""lista.mercadolivre.com.br"":""https://lista.mercadolivre.com.br/roupa-de-mergulho""
""mormaiishop.com.br"":""https://www.mormaiishop.com.br/neoprene-masculino/mergulho""
""universosub.com.br"":""https://universosub.com.br/pesca-submarina/roupa/""
""youtube.com"":""https://www.youtube.com/watch?v=SoHaNe_bbYI""
""letsdive.com.br"":""https://letsdive.com.br/como-escolher-roupa-de-mergulho/""
""decathlon.com.br"":""https://www.decathlon.com.br/esportes/mergulho""
""groupersub.com.br"":""https://groupersub.com.br/categoria-produto/roupas_pescasub/"""
br,roupas de mergulho feminina,neoprene feminino,roupa de mergulho,neoprene para mergulho e subaquática,Pillar page,,1000,18,0.00,0.00,0,Commercial,"Image Pack, People Also Ask, Site Links, Video, Image, Popular Products, Related Searches","1.00,1.00,1.00,0.81,0.62,0.62,0.36,0.55,0.45,0.55,0.62,0.62",,"""maresbrasil.com.br"":""https://www.maresbrasil.com.br/roupas""
""cressi.com.br"":""https://www.cressi.com.br/pages/neoprenes-para-mergulho""
""decathlon.com.br"":""https://www.decathlon.com.br/esportes/mergulho""
""universosub.com.br"":""https://universosub.com.br/pesca-submarina/roupa/""
""lista.mercadolivre.com.br"":""https://lista.mercadolivre.com.br/roupa-de-mergulho""
""mormaiishop.com.br"":""https://www.mormaiishop.com.br/neoprene-masculino/mergulho""
""shopee.com.br"":""https://shopee.com.br/search?keyword=roupa%20de%20mergulho""
""amazon.com.br"":""https://www.amazon.com.br/roupa-de-mergulho/s?k=roupa+de+mergulho""
""loja.seasub.com.br"":""https://loja.seasub.com.br/categoria-produto/mergulho-autonomo/roupas/""
""lista.mercadolivre.com.br"":""https://lista.mercadolivre.com.br/roupa-de-mergulho-completa-com-oxigenio""","""maresbrasil.com.br"":""https://www.maresbrasil.com.br/feminina""
""netshoes.com.br"":""https://www.netshoes.com.br/roupas-de-mergulho/feminino""
""cressi.com.br"":""https://www.cressi.com.br/pages/neoprenes-para-mergulho""
""mormaiishop.com.br"":""https://www.mormaiishop.com.br/neoprene-feminino""
""lista.mercadolivre.com.br"":""https://lista.mercadolivre.com.br/roupa-mergulho-feminina""
""doozysports.com.br"":""https://doozysports.com.br/products/roupa-de-mergulho-aqualung-solaflex-feminina-8mm""
""amazon.com.br"":""https://www.amazon.com.br/neoprene-feminino/s?k=neoprene+feminino""
""loja.seasub.com.br"":""https://loja.seasub.com.br/categoria-produto/mergulho-autonomo/roupas/""
""br.my-best.com"":""https://br.my-best.com/19494""
""decathlon.com.br"":""https://www.decathlon.com.br/esportes/mergulho"""
br,roupa para mergulho,roupa mergulho neoprene,roupa de mergulho,neoprene para mergulho e subaquática,Pillar page,,720,16,0.00,0.00,0,"Informational, Commercial","Image Pack, Video Carousel, People Also Ask, Site Links, Video, Popular Products, Related Searches","0.67,1.00,0.55,0.55,0.45,0.36,0.36,0.45,0.45,0.45,0.45,0.45",,"""maresbrasil.com.br"":""https://www.maresbrasil.com.br/roupas""
""cressi.com.br"":""https://www.cressi.com.br/pages/neoprenes-para-mergulho""
""decathlon.com.br"":""https://www.decathlon.com.br/esportes/mergulho""
""universosub.com.br"":""https://universosub.com.br/pesca-submarina/roupa/""
""lista.mercadolivre.com.br"":""https://lista.mercadolivre.com.br/roupa-de-mergulho""
""mormaiishop.com.br"":""https://www.mormaiishop.com.br/neoprene-masculino/mergulho""
""shopee.com.br"":""https://shopee.com.br/search?keyword=roupa%20de%20mergulho""
""amazon.com.br"":""https://www.amazon.com.br/roupa-de-mergulho/s?k=roupa+de+mergulho""
""loja.seasub.com.br"":""https://loja.seasub.com.br/categoria-produto/mergulho-autonomo/roupas/""
""lista.mercadolivre.com.br"":""https://lista.mercadolivre.com.br/roupa-de-mergulho-completa-com-oxigenio""","""maresbrasil.com.br"":""https://www.maresbrasil.com.br/roupas""
""lista.mercadolivre.com.br"":""https://lista.mercadolivre.com.br/roupa-de-mergulho""
""cressi.com.br"":""https://www.cressi.com.br/pages/neoprenes-para-mergulho""
""decathlon.com.br"":""https://www.decathlon.com.br/esportes/mergulho""
""shopee.com.br"":""https://shopee.com.br/search?keyword=roupa%20de%20mergulho""
""rotasub.com.br"":""https://www.rotasub.com.br/search/?q=Roupa%20mergulho""
""lista.mercadolivre.com.br"":""https://lista.mercadolivre.com.br/roupa-de-mergulho-completa-com-oxigenio""
""universosub.com.br"":""https://universosub.com.br/pesca-submarina/roupa/""
""amazon.com.br"":""https://www.amazon.com.br/roupa-de-mergulho/s?k=roupa+de+mergulho""
""letsdive.com.br"":""https://letsdive.com.br/como-escolher-roupa-de-mergulho/"""
br,traje de mergulho,roupa para mergulho neoprene,roupa de mergulho,neoprene para mergulho e subaquática,Pillar page,,590,19,0.00,0.00,0,Informational,"Image Pack, Video Carousel, Site Links, Video, Image, Popular Products, Related Searches","0.48,0.32,0.72,0.72,1.00,0.72,0.72,0.59,0.59,0.48,0.48,0.59",,"""maresbrasil.com.br"":""https://www.maresbrasil.com.br/roupas""
""cressi.com.br"":""https://www.cressi.com.br/pages/neoprenes-para-mergulho""
""decathlon.com.br"":""https://www.decathlon.com.br/esportes/mergulho""
""universosub.com.br"":""https://universosub.com.br/pesca-submarina/roupa/""
""lista.mercadolivre.com.br"":""https://lista.mercadolivre.com.br/roupa-de-mergulho""
""mormaiishop.com.br"":""https://www.mormaiishop.com.br/neoprene-masculino/mergulho""
""shopee.com.br"":""https://shopee.com.br/search?keyword=roupa%20de%20mergulho""
""amazon.com.br"":""https://www.amazon.com.br/roupa-de-mergulho/s?k=roupa+de+mergulho""
""loja.seasub.com.br"":""https://loja.seasub.com.br/categoria-produto/mergulho-autonomo/roupas/""
""lista.mercadolivre.com.br"":""https://lista.mercadolivre.com.br/roupa-de-mergulho-completa-com-oxigenio""","""maresbrasil.com.br"":""https://www.maresbrasil.com.br/roupas""
""lista.mercadolivre.com.br"":""https://lista.mercadolivre.com.br/roupa-de-mergulho""
""rotasub.com.br"":""https://www.rotasub.com.br/search/?q=Roupa+mergulho""
""amazon.com.br"":""https://www.amazon.com.br/roupa-de-mergulho/s?k=roupa+de+mergulho""
""lista.mercadolivre.com.br"":""https://lista.mercadolivre.com.br/roupa-de-mergulho-completa-com-oxigenio""
""pt.wikipedia.org"":""https://pt.wikipedia.org/wiki/Roupa_de_mergulho""
""universosub.com.br"":""https://universosub.com.br/pesca-submarina/roupa/""
""blog.padi.com"":""https://blog.padi.com/pt-br/qual-e-a-diferenca-entre-uma-roupa-de-mergulho-e-uma-roupa-seca/""
""blog.padi.com"":""https://blog.padi.com/pt-br/qual-e-a-diferenca-entre-uma-roupa-de-mergulho-e-uma-roupa-seca/""
""decathlon.com.br"":""https://www.decathlon.com.br/esportes/mergulho"""
br,roupa de mergulho profissional,roupa mergulho neoprene,roupa de mergulho,neoprene para mergulho e subaquática,Pillar page,,320,8,0.00,0.00,0,Informational,"Image Pack, Video Carousel, Site Links, Video, Popular Products, Related Searches","0.66,0.81,0.81,0.66,1.00,0.81,0.81,0.66,0.66,0.54,0.81,0.66",,"""maresbrasil.com.br"":""https://www.maresbrasil.com.br/roupas""
""cressi.com.br"":""https://www.cressi.com.br/pages/neoprenes-para-mergulho""
""decathlon.com.br"":""https://www.decathlon.com.br/esportes/mergulho""
""universosub.com.br"":""https://universosub.com.br/pesca-submarina/roupa/""
""lista.mercadolivre.com.br"":""https://lista.mercadolivre.com.br/roupa-de-mergulho""
""mormaiishop.com.br"":""https://www.mormaiishop.com.br/neoprene-masculino/mergulho""
""shopee.com.br"":""https://shopee.com.br/search?keyword=roupa%20de%20mergulho""
""amazon.com.br"":""https://www.amazon.com.br/roupa-de-mergulho/s?k=roupa+de+mergulho""
""loja.seasub.com.br"":""https://loja.seasub.com.br/categoria-produto/mergulho-autonomo/roupas/""
""lista.mercadolivre.com.br"":""https://lista.mercadolivre.com.br/roupa-de-mergulho-completa-com-oxigenio""","""maresbrasil.com.br"":""https://www.maresbrasil.com.br/roupas""
""lista.mercadolivre.com.br"":""https://lista.mercadolivre.com.br/roupa-mergulho-profissional""
""pino.com.br"":""https://www.pino.com.br/produtos-varejo/mergulho-profissional/""
""cressi.com.br"":""https://www.cressi.com.br/pages/neoprenes-para-mergulho""
""lista.mercadolivre.com.br"":""https://lista.mercadolivre.com.br/roupa-de-mergulho-completa-com-oxigenio""
""br.my-best.com"":""https://br.my-best.com/19494""
""xproaquatics.com.br"":""https://www.xproaquatics.com.br/marca/bare.html""
""shopee.com.br"":""https://shopee.com.br/search?keyword=roupa%20de%20mergulho""
""letsdive.com.br"":""https://letsdive.com.br/como-escolher-roupa-de-mergulho/""
""mormaiishop.com.br"":""https://www.mormaiishop.com.br/neoprene-masculino/mergulho"""
br,roupa de nadador,roupa neoprene,roupa de mergulho,neoprene para mergulho e subaquática,Pillar page,,320,19,0.00,0.00,0,Informational,"Image Pack, Video Carousel, Site Links, Video, Image, Related Searches","0.54,0.00,0.81,0.81,1.00,0.81,0.66,0.54,0.66,0.43,0.54,0.66",,"""maresbrasil.com.br"":""https://www.maresbrasil.com.br/roupas""
""cressi.com.br"":""https://www.cressi.com.br/pages/neoprenes-para-mergulho""
""decathlon.com.br"":""https://www.decathlon.com.br/esportes/mergulho""
""universosub.com.br"":""https://universosub.com.br/pesca-submarina/roupa/""
""lista.mercadolivre.com.br"":""https://lista.mercadolivre.com.br/roupa-de-mergulho""
""mormaiishop.com.br"":""https://www.mormaiishop.com.br/neoprene-masculino/mergulho""
""shopee.com.br"":""https://shopee.com.br/search?keyword=roupa%20de%20mergulho""
""amazon.com.br"":""https://www.amazon.com.br/roupa-de-mergulho/s?k=roupa+de+mergulho""
""loja.seasub.com.br"":""https://loja.seasub.com.br/categoria-produto/mergulho-autonomo/roupas/""
""lista.mercadolivre.com.br"":""https://lista.mercadolivre.com.br/roupa-de-mergulho-completa-com-oxigenio""","""arenawaterinstinct.com.br"":""https://www.arenawaterinstinct.com.br/""
""maresbrasil.com.br"":""https://www.maresbrasil.com.br/roupas""
""lista.mercadolivre.com.br"":""https://lista.mercadolivre.com.br/roupa-de-neoprene-para-nadar""
""mormaiishop.com.br"":""https://www.mormaiishop.com.br/neoprene-masculino""
""decathlon.com.br"":""https://www.decathlon.com.br/esportes/mergulho""
""lojaoutside.com.br"":""https://www.lojaoutside.com.br/""
""amazon.com.br"":""https://www.amazon.com.br/roupa-de-mergulho/s?k=roupa+de+mergulho""
""netshoes.com.br"":""https://www.netshoes.com.br/roupas-de-mergulho""
""netshoes.com.br"":""https://www.netshoes.com.br/roupas-de-mergulho""
""shopee.com.br"":""https://shopee.com.br/search?keyword=roupa%20de%20mergulho"""
br,macacão de mergulho,roupa mergulho neoprene,roupa de mergulho,neoprene para mergulho e subaquática,Pillar page,,170,11,0.00,0.00,0,Commercial,"Image Pack, People Also Ask, Site Links, Video, Image, Popular Products, Related Searches","0.65,1.00,0.53,0.53,0.53,0.65,0.65,0.53,0.65,0.65,0.53,0.53",,"""maresbrasil.com.br"":""https://www.maresbrasil.com.br/roupas""
""cressi.com.br"":""https://www.cressi.com.br/pages/neoprenes-para-mergulho""
""decathlon.com.br"":""https://www.decathlon.com.br/esportes/mergulho""
""universosub.com.br"":""https://universosub.com.br/pesca-submarina/roupa/""
""lista.mercadolivre.com.br"":""https://lista.mercadolivre.com.br/roupa-de-mergulho""
""mormaiishop.com.br"":""https://www.mormaiishop.com.br/neoprene-masculino/mergulho""
""shopee.com.br"":""https://shopee.com.br/search?keyword=roupa%20de%20mergulho""
""amazon.com.br"":""https://www.amazon.com.br/roupa-de-mergulho/s?k=roupa+de+mergulho""
""loja.seasub.com.br"":""https://loja.seasub.com.br/categoria-produto/mergulho-autonomo/roupas/""
""lista.mercadolivre.com.br"":""https://lista.mercadolivre.com.br/roupa-de-mergulho-completa-com-oxigenio""","""rotasub.com.br"":""https://www.rotasub.com.br/mergulho1/roupas1/""
""lista.mercadolivre.com.br"":""https://lista.mercadolivre.com.br/macacao-mergulho""
""maresbrasil.com.br"":""https://www.maresbrasil.com.br/roupas""
""shopee.com.br"":""https://shopee.com.br/Macac%C3%A3o-Roupa-Neoprene-Mergulho-Surf-Infantil-Pronta-Entrega-i.301633969.14668105530""
""bazar.gerandofalcoes.com"":""https://bazar.gerandofalcoes.com/produtos/macacao-de-mergulho-cressi/""
""lista.mercadolivre.com.br"":""https://lista.mercadolivre.com.br/macacao-de-mergulho""
""olx.com.br"":""https://www.olx.com.br/anuncios/macacao-de-mergulho""
""cressi.com.br"":""https://www.cressi.com.br/pages/neoprenes-para-mergulho""
""unend.com.br"":""https://unend.com.br/products/neopreme-completo-mergulho-quest-3-2""
""loja.seasub.com.br"":""https://loja.seasub.com.br/categoria-produto/mergulho-autonomo/roupas/"""
br,roupa mergulho neoprene,roupa neoprene,roupa de mergulho,neoprene para mergulho e subaquática,Pillar page,,140,7,0.00,0.00,0,Commercial,"Site Links, Video, Popular Products, Related Searches","0.53,0.42,0.65,0.42,0.65,0.42,0.53,0.42,0.42,0.42,0.42,0.53",,"""maresbrasil.com.br"":""https://www.maresbrasil.com.br/roupas""
""cressi.com.br"":""https://www.cressi.com.br/pages/neoprenes-para-mergulho""
""decathlon.com.br"":""https://www.decathlon.com.br/esportes/mergulho""
""universosub.com.br"":""https://universosub.com.br/pesca-submarina/roupa/""
""lista.mercadolivre.com.br"":""https://lista.mercadolivre.com.br/roupa-de-mergulho""
""mormaiishop.com.br"":""https://www.mormaiishop.com.br/neoprene-masculino/mergulho""
""shopee.com.br"":""https://shopee.com.br/search?keyword=roupa%20de%20mergulho""
""amazon.com.br"":""https://www.amazon.com.br/roupa-de-mergulho/s?k=roupa+de+mergulho""
""loja.seasub.com.br"":""https://loja.seasub.com.br/categoria-produto/mergulho-autonomo/roupas/""
""lista.mercadolivre.com.br"":""https://lista.mercadolivre.com.br/roupa-de-mergulho-completa-com-oxigenio""","""cressi.com.br"":""https://www.cressi.com.br/collections/mergulho-neoprene-roupa""
""mormaiishop.com.br"":""https://www.mormaiishop.com.br/neoprene-masculino/mergulho""
""decathlon.com.br"":""https://www.decathlon.com.br/esportes/mergulho""
""fundive.com.br"":""https://www.fundive.com.br/copia-roupa-seca""
""lista.mercadolivre.com.br"":""https://lista.mercadolivre.com.br/roupa-de-mergulho""
""maresbrasil.com.br"":""https://www.maresbrasil.com.br/roupas""
""shopee.com.br"":""https://shopee.com.br/search?keyword=roupa%20de%20mergulho""
""rotasub.com.br"":""https://www.rotasub.com.br/pesca-sub/roupas/roupas-para-pesca-sub/""
""outdoorequipamentos.com.br"":""https://www.outdoorequipamentos.com.br/resgateneoprene""
""universosub.com.br"":""https://universosub.com.br/pesca-submarina/roupa/"""
br,roupa para mergulho neoprene,roupa neoprene,roupa de mergulho,neoprene para mergulho e subaquática,Pillar page,,110,6,0.00,0.00,0,"Informational, Commercial","Image Pack, Video Carousel, Site Links, Video, Popular Products, Related Searches","0.82,0.64,1.00,0.64,1.00,0.64,0.41,0.64,0.64,0.23,0.17,0.41",,"""maresbrasil.com.br"":""https://www.maresbrasil.com.br/roupas""
""cressi.com.br"":""https://www.cressi.com.br/pages/neoprenes-para-mergulho""
""decathlon.com.br"":""https://www.decathlon.com.br/esportes/mergulho""
""universosub.com.br"":""https://universosub.com.br/pesca-submarina/roupa/""
""lista.mercadolivre.com.br"":""https://lista.mercadolivre.com.br/roupa-de-mergulho""
""mormaiishop.com.br"":""https://www.mormaiishop.com.br/neoprene-masculino/mergulho""
""shopee.com.br"":""https://shopee.com.br/search?keyword=roupa%20de%20mergulho""
""amazon.com.br"":""https://www.amazon.com.br/roupa-de-mergulho/s?k=roupa+de+mergulho""
""loja.seasub.com.br"":""https://loja.seasub.com.br/categoria-produto/mergulho-autonomo/roupas/""
""lista.mercadolivre.com.br"":""https://lista.mercadolivre.com.br/roupa-de-mergulho-completa-com-oxigenio""","""cressi.com.br"":""https://www.cressi.com.br/pages/neoprenes-para-mergulho""
""maresbrasil.com.br"":""https://www.maresbrasil.com.br/roupas""
""mormaiishop.com.br"":""https://www.mormaiishop.com.br/neoprene-masculino/mergulho""
""lista.mercadolivre.com.br"":""https://lista.mercadolivre.com.br/roupa-neoprene-mergulho""
""fundive.com.br"":""https://www.fundive.com.br/copia-roupa-seca""
""br.my-best.com"":""https://br.my-best.com/19494""
""rotasub.com.br"":""https://www.rotasub.com.br/pesca-sub/roupas/roupas-para-pesca-sub/""
""outdoorequipamentos.com.br"":""https://www.outdoorequipamentos.com.br/resgateneoprene""
""decathlon.com.br"":""https://www.decathlon.com.br/esportes/mergulho""
""universosub.com.br"":""https://universosub.com.br/pesca-submarina/roupa/"""
br,roupas de mergulho 5mm,roupa para mergulho neoprene,roupa de mergulho,neoprene para mergulho e subaquática,Pillar page,,110,8,0.00,0.00,0,"Informational, Commercial","Image Pack, Site Links, Video, Popular Products, Related Searches","0.43,0.28,0.43,0.34,0.43,0.34,0.34,0.34,0.43,0.34,0.21,0.21",,"""maresbrasil.com.br"":""https://www.maresbrasil.com.br/roupas""
""cressi.com.br"":""https://www.cressi.com.br/pages/neoprenes-para-mergulho""
""decathlon.com.br"":""https://www.decathlon.com.br/esportes/mergulho""
""universosub.com.br"":""https://universosub.com.br/pesca-submarina/roupa/""
""lista.mercadolivre.com.br"":""https://lista.mercadolivre.com.br/roupa-de-mergulho""
""mormaiishop.com.br"":""https://www.mormaiishop.com.br/neoprene-masculino/mergulho""
""shopee.com.br"":""https://shopee.com.br/search?keyword=roupa%20de%20mergulho""
""amazon.com.br"":""https://www.amazon.com.br/roupa-de-mergulho/s?k=roupa+de+mergulho""
""loja.seasub.com.br"":""https://loja.seasub.com.br/categoria-produto/mergulho-autonomo/roupas/""
""lista.mercadolivre.com.br"":""https://lista.mercadolivre.com.br/roupa-de-mergulho-completa-com-oxigenio""","""maresbrasil.com.br"":""https://www.maresbrasil.com.br/roupas""
""lista.mercadolivre.com.br"":""https://lista.mercadolivre.com.br/roupa-mergulho-5mm""
""rotasub.com.br"":""https://www.rotasub.com.br/search/?q=Roupa+5mm""
""cressi.com.br"":""https://www.cressi.com.br/pages/neoprenes-para-mergulho""
""olx.com.br"":""https://www.olx.com.br/anuncios/roupa-de-mergulho-5mm""
""loja.seasub.com.br"":""https://loja.seasub.com.br/categoria-produto/mergulho-autonomo/roupas/""
""lista.mercadolivre.com.br"":""https://lista.mercadolivre.com.br/roupa-de-mergulho-5mm-mares""
""venturadivegear.com.br"":""https://www.venturadivegear.com.br/MLB-3251971951-roupa-de-mergulho-cressi-fast-5mm-masculina-_JM""
""universosub.com.br"":""https://universosub.com.br/pesca-submarina/roupa/""
""amazon.com.br"":""https://www.amazon.com.br/roupa-neoprene-5mm-z%C3%ADper-frontal/s?k=roupa+neoprene+5mm+z%C3%ADper+frontal&page=2"""
br,loja de roupa de natação,roupa de natação masculino,roupa de natação,neoprene para natação e triathlon,Sub page,,90,18,0.00,0.00,0,Commercial,"People Also Ask, Local Pack, Site Links, Video, Popular Products, Related Searches","0.03,0.07,0.07,0.07,0.04,0.02,0.02,0.03,0.02,0.05,0.04,0.02",,"""arenawaterinstinct.com.br"":""https://www.arenawaterinstinct.com.br/""
""decathlon.com.br"":""https://www.decathlon.com.br/esportes/natacao""
""lojadocompetidor.com.br"":""https://www.lojadocompetidor.com.br/hidronatacao""
""proswim.com.br"":""https://proswim.com.br/""
""medinas.com.br"":""https://www.medinas.com.br/""
""hammerhead.com.br"":""https://www.hammerhead.com.br/natacao""
""speedo.com.br"":""https://www.speedo.com.br/equipamentos""
""medinas.com.br"":""https://www.medinas.com.br/acessorios-de-natacao""
""lojaoutside.com.br"":""https://www.lojaoutside.com.br/natacao""
""lista.mercadolivre.com.br"":""https://lista.mercadolivre.com.br/esportes-fitness/natacao/acessorios-natacao/""","""arenawaterinstinct.com.br"":""https://www.arenawaterinstinct.com.br/""
""lojaoutside.com.br"":""https://www.lojaoutside.com.br/natacao""
""medinas.com.br"":""https://www.medinas.com.br/""
""centauro.com.br"":""https://www.centauro.com.br/nav/esportes/natacao/genero/feminino""
""decathlon.com.br"":""https://www.decathlon.com.br/esportes/natacao""
""fabiolamolina.com.br"":""https://www.fabiolamolina.com.br/loja/moda-esportiva/feminino/trajes""
""adidas.com.br"":""https://www.adidas.com.br/roupas-natacao""
""instagram.com"":""https://www.instagram.com/swimchannelshop/""
""lojanadebem.com.br"":""https://www.lojanadebem.com.br/""
""lojadocompetidor.com.br"":""https://www.lojadocompetidor.com.br/hidronatacao"""
br,roupa de natação,roupa de natação masculino,roupa de natação,neoprene para natação e triathlon,Sub page,,1900,17,0.00,0.00,0,Commercial,"Image Pack, Local Pack, Site Links, Video, Image, Popular Products, Related Searches","0.36,1.00,0.52,0.52,0.44,0.44,0.36,0.44,0.52,0.52,0.52,0.44",,"""arenawaterinstinct.com.br"":""https://www.arenawaterinstinct.com.br/""
""decathlon.com.br"":""https://www.decathlon.com.br/esportes/natacao""
""lojadocompetidor.com.br"":""https://www.lojadocompetidor.com.br/hidronatacao""
""proswim.com.br"":""https://proswim.com.br/""
""medinas.com.br"":""https://www.medinas.com.br/""
""hammerhead.com.br"":""https://www.hammerhead.com.br/natacao""
""speedo.com.br"":""https://www.speedo.com.br/equipamentos""
""medinas.com.br"":""https://www.medinas.com.br/acessorios-de-natacao""
""lojaoutside.com.br"":""https://www.lojaoutside.com.br/natacao""
""lista.mercadolivre.com.br"":""https://lista.mercadolivre.com.br/esportes-fitness/natacao/acessorios-natacao/""","""arenawaterinstinct.com.br"":""https://www.arenawaterinstinct.com.br/""
""centauro.com.br"":""https://www.centauro.com.br/nav/esportes/natacao/genero/feminino""
""lojaoutside.com.br"":""https://www.lojaoutside.com.br/natacao""
""hammerhead.com.br"":""https://www.hammerhead.com.br/natacao/roupas-para-natacao""
""decathlon.com.br"":""https://www.decathlon.com.br/esportes/natacao""
""mormaiishop.com.br"":""https://www.mormaiishop.com.br/natacao""
""fila.com.br"":""https://www.fila.com.br/confeccao-natacao""
""medinas.com.br"":""https://www.medinas.com.br/roupa-natacao-masculina""
""lojaoutside2.com.br"":""https://www.lojaoutside2.com.br/neoprene/natacao""
""adidas.com.br"":""https://www.adidas.com.br/roupas-natacao"""
br,roupa para natação,roupa de natação masculino,roupa de natação,neoprene para natação e triathlon,Sub page,,880,12,0.00,0.00,0,"Informational, Commercial","Image Pack, Video Carousel, People Also Ask, AI Overview, Site Links, Video, Image, Popular Products, Related Searches","0.25,0.52,0.46,0.68,0.31,0.46,0.37,0.37,0.37,0.46,0.46,0.37",,"""arenawaterinstinct.com.br"":""https://www.arenawaterinstinct.com.br/""
""decathlon.com.br"":""https://www.decathlon.com.br/esportes/natacao""
""lojadocompetidor.com.br"":""https://www.lojadocompetidor.com.br/hidronatacao""
""proswim.com.br"":""https://proswim.com.br/""
""medinas.com.br"":""https://www.medinas.com.br/""
""hammerhead.com.br"":""https://www.hammerhead.com.br/natacao""
""speedo.com.br"":""https://www.speedo.com.br/equipamentos""
""medinas.com.br"":""https://www.medinas.com.br/acessorios-de-natacao""
""lojaoutside.com.br"":""https://www.lojaoutside.com.br/natacao""
""lista.mercadolivre.com.br"":""https://lista.mercadolivre.com.br/esportes-fitness/natacao/acessorios-natacao/""","""arenawaterinstinct.com.br"":""https://www.arenawaterinstinct.com.br/""
""centauro.com.br"":""https://www.centauro.com.br/nav/esportes/natacao/genero/feminino""
""lojaoutside.com.br"":""https://www.lojaoutside.com.br/natacao""
""lista.mercadolivre.com.br"":""https://lista.mercadolivre.com.br/roupa-de-nata%C3%A7%C3%A3o""
""hammerhead.com.br"":""https://www.hammerhead.com.br/natacao/roupas-para-natacao""
""netshoes.com.br"":""https://www.netshoes.com.br/busca/roupas-natacao-feminina""
""lojaoutside2.com.br"":""https://www.lojaoutside2.com.br/neoprene/natacao""
""mormaiishop.com.br"":""https://www.mormaiishop.com.br/natacao""
""adidas.com.br"":""https://www.adidas.com.br/roupas-natacao""
""medinas.com.br"":""https://www.medinas.com.br/roupa-natacao-masculina"""
br,roupas de natacao,roupa de natação masculino,roupa de natação,neoprene para natação e triathlon,Sub page,,720,19,0.00,0.00,0,Commercial,"Image Pack, Local Pack, Site Links, Video, Image, People Also Ask, Popular Products, Related Searches","0.59,1.00,0.72,0.72,0.59,0.88,0.48,0.72,0.72,0.59,0.72,0.59",,"""arenawaterinstinct.com.br"":""https://www.arenawaterinstinct.com.br/""
""decathlon.com.br"":""https://www.decathlon.com.br/esportes/natacao""
""lojadocompetidor.com.br"":""https://www.lojadocompetidor.com.br/hidronatacao""
""proswim.com.br"":""https://proswim.com.br/""
""medinas.com.br"":""https://www.medinas.com.br/""
""hammerhead.com.br"":""https://www.hammerhead.com.br/natacao""
""speedo.com.br"":""https://www.speedo.com.br/equipamentos""
""medinas.com.br"":""https://www.medinas.com.br/acessorios-de-natacao""
""lojaoutside.com.br"":""https://www.lojaoutside.com.br/natacao""
""lista.mercadolivre.com.br"":""https://lista.mercadolivre.com.br/esportes-fitness/natacao/acessorios-natacao/""","""arenawaterinstinct.com.br"":""https://www.arenawaterinstinct.com.br/""
""centauro.com.br"":""https://www.centauro.com.br/nav/esportes/natacao/genero/feminino""
""hammerhead.com.br"":""https://www.hammerhead.com.br/natacao/roupas-para-natacao""
""adidas.com.br"":""https://www.adidas.com.br/roupas-natacao""
""lista.mercadolivre.com.br"":""https://lista.mercadolivre.com.br/roupa-de-nata%C3%A7%C3%A3o""
""decathlon.com.br"":""https://www.decathlon.com.br/esportes/natacao""
""fila.com.br"":""https://www.fila.com.br/confeccao-natacao""
""lojaoutside.com.br"":""https://www.lojaoutside.com.br/natacao""
""lsport.com.br"":""https://www.lsport.com.br/feminino/esportes/natacao""
""mormaiishop.com.br"":""https://www.mormaiishop.com.br/natacao"""
br,roupas para natacao,roupa de natação masculino,roupa de natação,neoprene para natação e triathlon,Sub page,,390,7,0.00,0.00,0,Informational,"Image Pack, Video Carousel, Site Links, Video, Image, Popular Products, Related Searches, AI Overview","0.13,0.00,1.00,0.05,0.05,0.06,0.06,0.06,0.30,0.24,0.45,0.36",,"""arenawaterinstinct.com.br"":""https://www.arenawaterinstinct.com.br/""
""decathlon.com.br"":""https://www.decathlon.com.br/esportes/natacao""
""lojadocompetidor.com.br"":""https://www.lojadocompetidor.com.br/hidronatacao""
""proswim.com.br"":""https://proswim.com.br/""
""medinas.com.br"":""https://www.medinas.com.br/""
""hammerhead.com.br"":""https://www.hammerhead.com.br/natacao""
""speedo.com.br"":""https://www.speedo.com.br/equipamentos""
""medinas.com.br"":""https://www.medinas.com.br/acessorios-de-natacao""
""lojaoutside.com.br"":""https://www.lojaoutside.com.br/natacao""
""lista.mercadolivre.com.br"":""https://lista.mercadolivre.com.br/esportes-fitness/natacao/acessorios-natacao/""","""arenawaterinstinct.com.br"":""https://www.arenawaterinstinct.com.br/""
""adidas.com.br"":""https://www.adidas.com.br/roupas-natacao""
""hammerhead.com.br"":""https://www.hammerhead.com.br/natacao/roupas-para-natacao""
""medinas.com.br"":""https://www.medinas.com.br/roupa-natacao-feminina""
""netshoes.com.br"":""https://www.netshoes.com.br/busca/roupas-natacao-feminina""
""decathlon.com.br"":""https://www.decathlon.com.br/esportes/natacao""
""lojaoutside.com.br"":""https://www.lojaoutside.com.br/natacao""
""fabiolamolina.com.br"":""https://www.fabiolamolina.com.br/loja/moda-esportiva/feminino/trajes""
""triwaysports.com.br"":""https://www.triwaysports.com.br/natacao/""
""liquido.com.br"":""https://liquido.com.br/natacao-que-roupas-usar-e-quais-acessorios/"""
br,loja de natação perto de mim,roupa de nadador,roupa de natação,neoprene para natação e triathlon,Sub page,,390,33,0.00,0.00,0,Transactional,"Local Pack, Site Links, Image, Related Searches","0.54,0.44,0.36,0.81,0.81,0.81,0.54,0.44,0.36,0.44,0.54,0.54",,"""arenawaterinstinct.com.br"":""https://www.arenawaterinstinct.com.br/""
""decathlon.com.br"":""https://www.decathlon.com.br/esportes/natacao""
""lojadocompetidor.com.br"":""https://www.lojadocompetidor.com.br/hidronatacao""
""proswim.com.br"":""https://proswim.com.br/""
""medinas.com.br"":""https://www.medinas.com.br/""
""hammerhead.com.br"":""https://www.hammerhead.com.br/natacao""
""speedo.com.br"":""https://www.speedo.com.br/equipamentos""
""medinas.com.br"":""https://www.medinas.com.br/acessorios-de-natacao""
""lojaoutside.com.br"":""https://www.lojaoutside.com.br/natacao""
""lista.mercadolivre.com.br"":""https://lista.mercadolivre.com.br/esportes-fitness/natacao/acessorios-natacao/""","""centauro.com.br"":""https://www.centauro.com.br/""
""decathlon.com.br"":""https://www.decathlon.com.br/esportes/natacao""
""proswim.com.br"":""https://proswim.com.br/""
""arenawaterinstinct.com.br"":""https://www.arenawaterinstinct.com.br/""
""speedo.com.br"":""https://www.speedo.com.br/""
""lojadocompetidor.com.br"":""https://www.lojadocompetidor.com.br/hidronatacao""
""medinas.com.br"":""https://www.medinas.com.br/outlet-artigos-de-natacao-e-esportes-aquaticos""
""instagram.com"":""https://www.instagram.com/medinas_sport/""
""lojanadebem.com.br"":""https://www.lojanadebem.com.br/""
""hidrosports.com.br"":""https://www.hidrosports.com.br/"""
br,acessorios para natação,roupa de nadador,roupa de natação,neoprene para natação e triathlon,Sub page,,320,11,0.00,0.00,0,Commercial,"Image Pack, People Also Ask, Local Pack, Site Links, Video, Popular Products, Related Searches","0.36,0.66,0.54,0.44,0.54,1.00,0.54,0.29,0.36,0.36,0.23,0.36",,"""arenawaterinstinct.com.br"":""https://www.arenawaterinstinct.com.br/""
""decathlon.com.br"":""https://www.decathlon.com.br/esportes/natacao""
""lojadocompetidor.com.br"":""https://www.lojadocompetidor.com.br/hidronatacao""
""proswim.com.br"":""https://proswim.com.br/""
""medinas.com.br"":""https://www.medinas.com.br/""
""hammerhead.com.br"":""https://www.hammerhead.com.br/natacao""
""speedo.com.br"":""https://www.speedo.com.br/equipamentos""
""medinas.com.br"":""https://www.medinas.com.br/acessorios-de-natacao""
""lojaoutside.com.br"":""https://www.lojaoutside.com.br/natacao""
""lista.mercadolivre.com.br"":""https://lista.mercadolivre.com.br/esportes-fitness/natacao/acessorios-natacao/""","""arenawaterinstinct.com.br"":""https://www.arenawaterinstinct.com.br/""
""centauro.com.br"":""https://www.centauro.com.br/nav/categorias/acessorios/esportes/natacao""
""lista.mercadolivre.com.br"":""https://lista.mercadolivre.com.br/esportes-fitness/natacao/acessorios-natacao/""
""medinas.com.br"":""https://www.medinas.com.br/acessorios-de-natacao""
""decathlon.com.br"":""https://www.decathlon.com.br/esportes/natacao""
""blog.speedo.com.br"":""https://blog.speedo.com.br/produtos/acessorios/acessorios-essenciais-para-natacao-quais-sao-e-por-que-usar/""
""sportmaster.com.br"":""https://www.sportmaster.com.br/acessorios-de-natacao""
""lojadocompetidor.com.br"":""https://www.lojadocompetidor.com.br/hidronatacao""
""lojadocompetidor.com.br"":""https://www.lojadocompetidor.com.br/hidronatacao""
""tridesigns.com.br"":""https://www.tridesigns.com.br/collections/acessorios-de-natacao"""
br,acessorios natação,roupa de nadador,roupa de natação,neoprene para natação e triathlon,Sub page,,320,16,0.00,0.00,0,Commercial,"Video Carousel, Local Pack, Site Links, Video, Popular Products, Related Searches","0.44,0.54,0.66,0.54,0.29,0.36,0.29,0.36,0.36,0.36,0.36,0.29",,"""arenawaterinstinct.com.br"":""https://www.arenawaterinstinct.com.br/""
""decathlon.com.br"":""https://www.decathlon.com.br/esportes/natacao""
""lojadocompetidor.com.br"":""https://www.lojadocompetidor.com.br/hidronatacao""
""proswim.com.br"":""https://proswim.com.br/""
""medinas.com.br"":""https://www.medinas.com.br/""
""hammerhead.com.br"":""https://www.hammerhead.com.br/natacao""
""speedo.com.br"":""https://www.speedo.com.br/equipamentos""
""medinas.com.br"":""https://www.medinas.com.br/acessorios-de-natacao""
""lojaoutside.com.br"":""https://www.lojaoutside.com.br/natacao""
""lista.mercadolivre.com.br"":""https://lista.mercadolivre.com.br/esportes-fitness/natacao/acessorios-natacao/""","""arenawaterinstinct.com.br"":""https://www.arenawaterinstinct.com.br/""
""medinas.com.br"":""https://www.medinas.com.br/acessorios-de-natacao""
""decathlon.com.br"":""https://www.decathlon.com.br/esportes/natacao""
""centauro.com.br"":""https://www.centauro.com.br/nav/categorias/acessorios/esportes/natacao""
""lojadocompetidor.com.br"":""https://www.lojadocompetidor.com.br/hidronatacao""
""lista.mercadolivre.com.br"":""https://lista.mercadolivre.com.br/esportes-fitness/natacao/acessorios-natacao/""
""tf.com.br"":""https://www.tf.com.br/acessorios/acessorios-para-natacao""
""tridesigns.com.br"":""https://www.tridesigns.com.br/collections/acessorios-de-natacao""
""sportmaster.com.br"":""https://www.sportmaster.com.br/acessorios-de-natacao""
""proswim.com.br"":""https://proswim.com.br/"""
br,loja de natacao,roupa de nadador,roupa de natação,neoprene para natação e triathlon,Sub page,,320,22,0.00,0.00,0,Commercial,"Local Pack, Site Links, Video, Image, Popular Products, Related Searches","0.43,0.66,0.81,1.00,0.54,0.81,0.54,0.54,0.43,0.54,0.81,0.81",,"""arenawaterinstinct.com.br"":""https://www.arenawaterinstinct.com.br/""
""decathlon.com.br"":""https://www.decathlon.com.br/esportes/natacao""
""lojadocompetidor.com.br"":""https://www.lojadocompetidor.com.br/hidronatacao""
""proswim.com.br"":""https://proswim.com.br/""
""medinas.com.br"":""https://www.medinas.com.br/""
""hammerhead.com.br"":""https://www.hammerhead.com.br/natacao""
""speedo.com.br"":""https://www.speedo.com.br/equipamentos""
""medinas.com.br"":""https://www.medinas.com.br/acessorios-de-natacao""
""lojaoutside.com.br"":""https://www.lojaoutside.com.br/natacao""
""lista.mercadolivre.com.br"":""https://lista.mercadolivre.com.br/esportes-fitness/natacao/acessorios-natacao/""","""arenawaterinstinct.com.br"":""https://www.arenawaterinstinct.com.br/""
""lojanadebem.com.br"":""https://www.lojanadebem.com.br/""
""decathlon.com.br"":""https://www.decathlon.com.br/esportes/natacao""
""hammerhead.com.br"":""https://www.hammerhead.com.br/natacao""
""medinas.com.br"":""https://www.medinas.com.br/""
""speedo.com.br"":""https://www.speedo.com.br/equipamentos""
""fiore.com.br"":""https://www.fiore.com.br/""
""lojadocompetidor.com.br"":""https://www.lojadocompetidor.com.br/hidronatacao""
""proswim.com.br"":""https://proswim.com.br/""
""instagram.com"":""https://www.instagram.com/swimchannelshop/"""
br,equipamentos da natação,roupa aquatica,roupa de natação,neoprene para natação e triathlon,Sub page,,260,13,0.00,0.00,0,Informational,"Image Pack, Video Carousel, People Also Ask, Site Links, Video, Related Searches, AI Overview","0.81,0.54,0.54,0.14,0.81,0.81,0.81,0.43,0.66,0.29,0.22,0.14",,"""arenawaterinstinct.com.br"":""https://www.arenawaterinstinct.com.br/""
""decathlon.com.br"":""https://www.decathlon.com.br/esportes/natacao""
""lojadocompetidor.com.br"":""https://www.lojadocompetidor.com.br/hidronatacao""
""proswim.com.br"":""https://proswim.com.br/""
""medinas.com.br"":""https://www.medinas.com.br/""
""hammerhead.com.br"":""https://www.hammerhead.com.br/natacao""
""speedo.com.br"":""https://www.speedo.com.br/equipamentos""
""medinas.com.br"":""https://www.medinas.com.br/acessorios-de-natacao""
""lojaoutside.com.br"":""https://www.lojaoutside.com.br/natacao""
""lista.mercadolivre.com.br"":""https://lista.mercadolivre.com.br/esportes-fitness/natacao/acessorios-natacao/""","""speedo.com.br"":""https://www.speedo.com.br/equipamentos""
""arenawaterinstinct.com.br"":""https://www.arenawaterinstinct.com.br/equipamentos""
""hammerhead.com.br"":""https://www.hammerhead.com.br/natacao""
""decathlon.com.br"":""https://www.decathlon.com.br/esportes/natacao""
""medinas.com.br"":""https://www.medinas.com.br/acessorios-de-natacao""
""sportbr.com.br"":""https://www.sportbr.com.br/collections/natacao""
""metodologiagb.com.br"":""https://www.metodologiagb.com.br/equipamentos-de-natacao/""
""arenawaterinstinct.com.br"":""https://www.arenawaterinstinct.com.br/""
""totalpass.com"":""https://totalpass.com/br/blog/para-academias/acessorios-para-natacao-5-opcoes-para-oferecer/""
""arenawaterinstinct.com.br"":""https://www.arenawaterinstinct.com.br/"""
br,loja de natação,roupa aquatica,roupa de natação,neoprene para natação e triathlon,Sub page,,260,28,0.00,0.00,0,Commercial,"Local Pack, Site Links, Video, Image, Adwords Bottom, People Also Ask, Related Searches","0.43,0.66,1.00,0.66,0.81,0.54,0.43,0.43,0.43,0.35,0.43,0.54",,"""arenawaterinstinct.com.br"":""https://www.arenawaterinstinct.com.br/""
""decathlon.com.br"":""https://www.decathlon.com.br/esportes/natacao""
""lojadocompetidor.com.br"":""https://www.lojadocompetidor.com.br/hidronatacao""
""proswim.com.br"":""https://proswim.com.br/""
""medinas.com.br"":""https://www.medinas.com.br/""
""hammerhead.com.br"":""https://www.hammerhead.com.br/natacao""
""speedo.com.br"":""https://www.speedo.com.br/equipamentos""
""medinas.com.br"":""https://www.medinas.com.br/acessorios-de-natacao""
""lojaoutside.com.br"":""https://www.lojaoutside.com.br/natacao""
""lista.mercadolivre.com.br"":""https://lista.mercadolivre.com.br/esportes-fitness/natacao/acessorios-natacao/""","""arenawaterinstinct.com.br"":""https://www.arenawaterinstinct.com.br/""
""lojanadebem.com.br"":""https://www.lojanadebem.com.br/""
""decathlon.com.br"":""https://www.decathlon.com.br/esportes/natacao""
""centauro.com.br"":""https://www.centauro.com.br/nav/esportes/natacao""
""medinas.com.br"":""https://www.medinas.com.br/""
""fiore.com.br"":""https://www.fiore.com.br/""
""hammerhead.com.br"":""https://www.hammerhead.com.br/""
""speedo.com.br"":""https://www.speedo.com.br/equipamentos""
""proswim.com.br"":""https://proswim.com.br/""
""lojadocompetidor.com.br"":""https://www.lojadocompetidor.com.br/hidronatacao"""
br,material de natacao,roupa aquatica,roupa de natação,neoprene para natação e triathlon,Sub page,,170,22,0.00,0.00,0,Commercial,"Video Carousel, People Also Ask, Local Pack, Site Links, Video, Popular Products, Related Searches","0.34,0.34,0.21,0.65,1.00,0.81,0.81,0.65,0.53,0.34,0.34,0.65",,"""arenawaterinstinct.com.br"":""https://www.arenawaterinstinct.com.br/""
""decathlon.com.br"":""https://www.decathlon.com.br/esportes/natacao""
""lojadocompetidor.com.br"":""https://www.lojadocompetidor.com.br/hidronatacao""
""proswim.com.br"":""https://proswim.com.br/""
""medinas.com.br"":""https://www.medinas.com.br/""
""hammerhead.com.br"":""https://www.hammerhead.com.br/natacao""
""speedo.com.br"":""https://www.speedo.com.br/equipamentos""
""medinas.com.br"":""https://www.medinas.com.br/acessorios-de-natacao""
""lojaoutside.com.br"":""https://www.lojaoutside.com.br/natacao""
""lista.mercadolivre.com.br"":""https://lista.mercadolivre.com.br/esportes-fitness/natacao/acessorios-natacao/""","""hammerhead.com.br"":""https://www.hammerhead.com.br/natacao""
""speedo.com.br"":""https://www.speedo.com.br/equipamentos""
""decathlon.com.br"":""https://www.decathlon.com.br/esportes/natacao""
""proswim.com.br"":""https://proswim.com.br/""
""fiore.com.br"":""https://www.fiore.com.br/""
""arenawaterinstinct.com.br"":""https://www.arenawaterinstinct.com.br/""
""medinas.com.br"":""https://www.medinas.com.br/""
""tryde.com.br"":""https://www.tryde.com.br/natacao""
""lojadocompetidor.com.br"":""https://www.lojadocompetidor.com.br/hidronatacao""
""lojadocompetidor.com.br"":""https://www.lojadocompetidor.com.br/hidronatacao"""
br,acessorios para natacao,roupa de nadador,roupa de natação,neoprene para natação e triathlon,Sub page,,170,18,0.00,0.00,0,Commercial,"Video Carousel, People Also Ask, Local Pack, Site Links, Video, Popular Products, Related Searches","0.17,0.17,0.43,0.35,0.17,0.53,0.28,0.66,0.53,0.66,0.53,0.66",,"""arenawaterinstinct.com.br"":""https://www.arenawaterinstinct.com.br/""
""decathlon.com.br"":""https://www.decathlon.com.br/esportes/natacao""
""lojadocompetidor.com.br"":""https://www.lojadocompetidor.com.br/hidronatacao""
""proswim.com.br"":""https://proswim.com.br/""
""medinas.com.br"":""https://www.medinas.com.br/""
""hammerhead.com.br"":""https://www.hammerhead.com.br/natacao""
""speedo.com.br"":""https://www.speedo.com.br/equipamentos""
""medinas.com.br"":""https://www.medinas.com.br/acessorios-de-natacao""
""lojaoutside.com.br"":""https://www.lojaoutside.com.br/natacao""
""lista.mercadolivre.com.br"":""https://lista.mercadolivre.com.br/esportes-fitness/natacao/acessorios-natacao/""","""medinas.com.br"":""https://www.medinas.com.br/acessorios-de-natacao""
""arenawaterinstinct.com.br"":""https://www.arenawaterinstinct.com.br/""
""decathlon.com.br"":""https://www.decathlon.com.br/esportes/natacao""
""lista.mercadolivre.com.br"":""https://lista.mercadolivre.com.br/esportes-fitness/natacao/acessorios-natacao/""
""tf.com.br"":""https://www.tf.com.br/acessorios/acessorios-para-natacao""
""lojadocompetidor.com.br"":""https://www.lojadocompetidor.com.br/hidronatacao""
""totalpass.com"":""https://totalpass.com/br/blog/para-academias/acessorios-para-natacao-5-opcoes-para-oferecer/""
""medinas.com.br"":""https://www.medinas.com.br/""
""tridesigns.com.br"":""https://www.tridesigns.com.br/collections/acessorios-de-natacao""
""leaderbrasil.com.br"":""https://www.leaderbrasil.com.br/acessorios-para-natacao/"""
br,material para natação,roupa de nadador,roupa de natação,neoprene para natação e triathlon,Sub page,,170,21,0.00,0.00,0,Commercial,"Video Carousel, People Also Ask, Site Links, Video, Popular Products, Related Searches, AI Overview","0.81,0.81,0.65,0.43,0.65,0.53,0.21,0.53,0.34,0.34,0.34,0.43",,"""arenawaterinstinct.com.br"":""https://www.arenawaterinstinct.com.br/""
""decathlon.com.br"":""https://www.decathlon.com.br/esportes/natacao""
""lojadocompetidor.com.br"":""https://www.lojadocompetidor.com.br/hidronatacao""
""proswim.com.br"":""https://proswim.com.br/""
""medinas.com.br"":""https://www.medinas.com.br/""
""hammerhead.com.br"":""https://www.hammerhead.com.br/natacao""
""speedo.com.br"":""https://www.speedo.com.br/equipamentos""
""medinas.com.br"":""https://www.medinas.com.br/acessorios-de-natacao""
""lojaoutside.com.br"":""https://www.lojaoutside.com.br/natacao""
""lista.mercadolivre.com.br"":""https://lista.mercadolivre.com.br/esportes-fitness/natacao/acessorios-natacao/""","""speedo.com.br"":""https://www.speedo.com.br/equipamentos""
""arenawaterinstinct.com.br"":""https://www.arenawaterinstinct.com.br/equipamentos""
""decathlon.com.br"":""https://www.decathlon.com.br/esportes/natacao""
""hammerhead.com.br"":""https://www.hammerhead.com.br/natacao""
""medinas.com.br"":""https://www.medinas.com.br/""
""arenawaterinstinct.com.br"":""https://www.arenawaterinstinct.com.br/""
""centauro.com.br"":""https://www.centauro.com.br/nav/categorias/acessorios/esportes/natacao""
""loja.poker.esp.br"":""https://loja.poker.esp.br/natacao""
""proswim.com.br"":""https://proswim.com.br/""
""proswim.com.br"":""https://proswim.com.br/"""
br,natação materiais,roupa de nadador,roupa de natação,neoprene para natação e triathlon,Sub page,,170,11,0.00,0.00,0,"Informational, Commercial","Image Pack, Video Carousel, Short Videos, AI Overview, Site Links, Video, Related Searches","0.81,0.81,0.65,0.53,1.00,0.81,0.65,0.65,0.43,0.43,0.34,0.00",,"""arenawaterinstinct.com.br"":""https://www.arenawaterinstinct.com.br/""
""decathlon.com.br"":""https://www.decathlon.com.br/esportes/natacao""
""lojadocompetidor.com.br"":""https://www.lojadocompetidor.com.br/hidronatacao""
""proswim.com.br"":""https://proswim.com.br/""
""medinas.com.br"":""https://www.medinas.com.br/""
""hammerhead.com.br"":""https://www.hammerhead.com.br/natacao""
""speedo.com.br"":""https://www.speedo.com.br/equipamentos""
""medinas.com.br"":""https://www.medinas.com.br/acessorios-de-natacao""
""lojaoutside.com.br"":""https://www.lojaoutside.com.br/natacao""
""lista.mercadolivre.com.br"":""https://lista.mercadolivre.com.br/esportes-fitness/natacao/acessorios-natacao/""","""arenawaterinstinct.com.br"":""https://www.arenawaterinstinct.com.br/equipamentos""
""medinas.com.br"":""https://www.medinas.com.br/""
""hammerhead.com.br"":""https://www.hammerhead.com.br/natacao""
""decathlon.com.br"":""https://www.decathlon.com.br/esportes/natacao""
""physicus.com.br"":""https://www.physicus.com.br/produtos/cat/linha-hidro-e-natacao""
""fiore.com.br"":""https://www.fiore.com.br/""
""proswim.com.br"":""https://proswim.com.br/""
""arenawaterinstinct.com.br"":""https://www.arenawaterinstinct.com.br/""
""tryde.com.br"":""https://www.tryde.com.br/natacao""
""metodologiagb.com.br"":""https://www.metodologiagb.com.br/equipamentos-de-natacao/"""
br,roupa de nadar,roupa de natação masculino,roupa de natação,neoprene para natação e triathlon,Sub page,,140,19,0.00,0.00,0,Informational,"Image Pack, Video Carousel, Site Links, Video, Image, Popular Products, Related Searches","0.80,0.65,0.80,0.65,0.80,0.42,0.34,0.34,0.42,0.42,0.53,0.53",,"""arenawaterinstinct.com.br"":""https://www.arenawaterinstinct.com.br/""
""decathlon.com.br"":""https://www.decathlon.com.br/esportes/natacao""
""lojadocompetidor.com.br"":""https://www.lojadocompetidor.com.br/hidronatacao""
""proswim.com.br"":""https://proswim.com.br/""
""medinas.com.br"":""https://www.medinas.com.br/""
""hammerhead.com.br"":""https://www.hammerhead.com.br/natacao""
""speedo.com.br"":""https://www.speedo.com.br/equipamentos""
""medinas.com.br"":""https://www.medinas.com.br/acessorios-de-natacao""
""lojaoutside.com.br"":""https://www.lojaoutside.com.br/natacao""
""lista.mercadolivre.com.br"":""https://lista.mercadolivre.com.br/esportes-fitness/natacao/acessorios-natacao/""","""arenawaterinstinct.com.br"":""https://www.arenawaterinstinct.com.br/""
""lista.mercadolivre.com.br"":""https://lista.mercadolivre.com.br/roupa-de-nata%C3%A7%C3%A3o""
""lojaoutside.com.br"":""https://www.lojaoutside.com.br/natacao""
""adidas.com.br"":""https://www.adidas.com.br/roupas-natacao""
""medinas.com.br"":""https://www.medinas.com.br/roupa-natacao-feminina""
""centauro.com.br"":""https://www.centauro.com.br/nav/esportes/natacao/genero/feminino""
""netdive.com.br"":""https://netdive.com.br/natacao/roupas-de-natacao/""
""netshoes.com.br"":""https://www.netshoes.com.br/busca/roupas-natacao-feminina""
""netshoes.com.br"":""https://www.netshoes.com.br/busca/roupas-natacao-feminina""
""shopee.com.br"":""https://shopee.com.br/list/Roupa/Nata%C3%A7%C3%A3o/Infantil"""
br,acessórios natação,roupa de nadador,roupa de natação,neoprene para natação e triathlon,Sub page,,140,15,0.00,0.00,0,Commercial,"Image Pack, People Also Ask, Local Pack, Site Links, Video, Related Searches","0.35,0.54,0.29,0.29,0.54,0.29,0.35,0.18,0.18,0.18,0.10,0.14",,"""arenawaterinstinct.com.br"":""https://www.arenawaterinstinct.com.br/""
""decathlon.com.br"":""https://www.decathlon.com.br/esportes/natacao""
""lojadocompetidor.com.br"":""https://www.lojadocompetidor.com.br/hidronatacao""
""proswim.com.br"":""https://proswim.com.br/""
""medinas.com.br"":""https://www.medinas.com.br/""
""hammerhead.com.br"":""https://www.hammerhead.com.br/natacao""
""speedo.com.br"":""https://www.speedo.com.br/equipamentos""
""medinas.com.br"":""https://www.medinas.com.br/acessorios-de-natacao""
""lojaoutside.com.br"":""https://www.lojaoutside.com.br/natacao""
""lista.mercadolivre.com.br"":""https://lista.mercadolivre.com.br/esportes-fitness/natacao/acessorios-natacao/""","""arenawaterinstinct.com.br"":""https://www.arenawaterinstinct.com.br/""
""medinas.com.br"":""https://www.medinas.com.br/acessorios-de-natacao""
""decathlon.com.br"":""https://www.decathlon.com.br/esportes/natacao""
""tf.com.br"":""https://www.tf.com.br/acessorios/acessorios-para-natacao""
""lojadocompetidor.com.br"":""https://www.lojadocompetidor.com.br/hidronatacao""
""casaevideo.com.br"":""https://www.casaevideo.com.br/esporte-e-lazer/esporte/natacao""
""lista.mercadolivre.com.br"":""https://lista.mercadolivre.com.br/esportes-fitness/natacao/acessorios-natacao/""
""usebestfit.com.br"":""https://www.usebestfit.com.br/esportes/natacao/oculos""
""tridesigns.com.br"":""https://www.tridesigns.com.br/collections/acessorios-de-natacao""
""proswim.com.br"":""https://proswim.com.br/"""
br,artigos para natação,roupa de nadador,roupa de natação,neoprene para natação e triathlon,Sub page,,140,21,0.00,0.00,0,Commercial,"Local Pack, Site Links, Video, Popular Products, Related Searches","0.80,1.00,0.65,0.34,0.80,0.65,0.42,0.42,0.42,0.34,0.34,0.42",,"""arenawaterinstinct.com.br"":""https://www.arenawaterinstinct.com.br/""
""decathlon.com.br"":""https://www.decathlon.com.br/esportes/natacao""
""lojadocompetidor.com.br"":""https://www.lojadocompetidor.com.br/hidronatacao""
""proswim.com.br"":""https://proswim.com.br/""
""medinas.com.br"":""https://www.medinas.com.br/""
""hammerhead.com.br"":""https://www.hammerhead.com.br/natacao""
""speedo.com.br"":""https://www.speedo.com.br/equipamentos""
""medinas.com.br"":""https://www.medinas.com.br/acessorios-de-natacao""
""lojaoutside.com.br"":""https://www.lojaoutside.com.br/natacao""
""lista.mercadolivre.com.br"":""https://lista.mercadolivre.com.br/esportes-fitness/natacao/acessorios-natacao/""","""arenawaterinstinct.com.br"":""https://www.arenawaterinstinct.com.br/""
""decathlon.com.br"":""https://www.decathlon.com.br/esportes/natacao""
""hammerhead.com.br"":""https://www.hammerhead.com.br/natacao""
""centauro.com.br"":""https://www.centauro.com.br/nav/esportes/natacao""
""fiore.com.br"":""https://www.fiore.com.br/""
""medinas.com.br"":""https://www.medinas.com.br/""
""loja.poker.esp.br"":""https://loja.poker.esp.br/natacao""
""lojanadebem.com.br"":""https://www.lojanadebem.com.br/""
""speedo.com.br"":""https://www.speedo.com.br/equipamentos""
""lista.mercadolivre.com.br"":""https://lista.mercadolivre.com.br/esportes-fitness/natacao/acessorios-natacao/"""
br,artigos de natação,roupa aquatica,roupa de natação,neoprene para natação e triathlon,Sub page,,140,22,0.00,0.00,0,Commercial,"People Also Ask, Local Pack, Site Links, Video, Image, Popular Products, Related Searches","0.66,0.66,0.52,0.42,0.52,1.00,0.66,0.52,0.66,0.42,0.52,0.66",,"""arenawaterinstinct.com.br"":""https://www.arenawaterinstinct.com.br/""
""decathlon.com.br"":""https://www.decathlon.com.br/esportes/natacao""
""lojadocompetidor.com.br"":""https://www.lojadocompetidor.com.br/hidronatacao""
""proswim.com.br"":""https://proswim.com.br/""
""medinas.com.br"":""https://www.medinas.com.br/""
""hammerhead.com.br"":""https://www.hammerhead.com.br/natacao""
""speedo.com.br"":""https://www.speedo.com.br/equipamentos""
""medinas.com.br"":""https://www.medinas.com.br/acessorios-de-natacao""
""lojaoutside.com.br"":""https://www.lojaoutside.com.br/natacao""
""lista.mercadolivre.com.br"":""https://lista.mercadolivre.com.br/esportes-fitness/natacao/acessorios-natacao/""","""medinas.com.br"":""https://www.medinas.com.br/""
""arenawaterinstinct.com.br"":""https://www.arenawaterinstinct.com.br/""
""centauro.com.br"":""https://www.centauro.com.br/nav/esportes/natacao""
""hammerhead.com.br"":""https://www.hammerhead.com.br/natacao""
""lojanadebem.com.br"":""https://www.lojanadebem.com.br/""
""speedo.com.br"":""https://www.speedo.com.br/equipamentos""
""loja.poker.esp.br"":""https://loja.poker.esp.br/natacao""
""decathlon.com.br"":""https://www.decathlon.com.br/esportes/natacao""
""fiore.com.br"":""https://www.fiore.com.br/""
""raiabrasil.com.br"":""https://raiabrasil.com.br/"""
br,acessórios para natação,roupa de nadador,roupa de natação,neoprene para natação e triathlon,Sub page,,110,14,0.00,0.00,0,Commercial,"People Also Ask, Local Pack, Site Links, Video, Popular Products, Related Searches","0.12,0.15,0.23,0.12,0.12,0.05,0.10,0.07,0.12,0.15,0.10,0.12",,"""arenawaterinstinct.com.br"":""https://www.arenawaterinstinct.com.br/""
""decathlon.com.br"":""https://www.decathlon.com.br/esportes/natacao""
""lojadocompetidor.com.br"":""https://www.lojadocompetidor.com.br/hidronatacao""
""proswim.com.br"":""https://proswim.com.br/""
""medinas.com.br"":""https://www.medinas.com.br/""
""hammerhead.com.br"":""https://www.hammerhead.com.br/natacao""
""speedo.com.br"":""https://www.speedo.com.br/equipamentos""
""medinas.com.br"":""https://www.medinas.com.br/acessorios-de-natacao""
""lojaoutside.com.br"":""https://www.lojaoutside.com.br/natacao""
""lista.mercadolivre.com.br"":""https://lista.mercadolivre.com.br/esportes-fitness/natacao/acessorios-natacao/""","""medinas.com.br"":""https://www.medinas.com.br/acessorios-de-natacao""
""arenawaterinstinct.com.br"":""https://www.arenawaterinstinct.com.br/""
""centauro.com.br"":""https://www.centauro.com.br/nav/categorias/acessorios/esportes/natacao""
""decathlon.com.br"":""https://www.decathlon.com.br/esportes/natacao""
""lojadocompetidor.com.br"":""https://www.lojadocompetidor.com.br/hidronatacao""
""tridesigns.com.br"":""https://www.tridesigns.com.br/collections/acessorios-de-natacao""
""lista.mercadolivre.com.br"":""https://lista.mercadolivre.com.br/esportes-fitness/natacao/acessorios-natacao/""
""tf.com.br"":""https://www.tf.com.br/acessorios/acessorios-para-natacao""
""leaderbrasil.com.br"":""https://www.leaderbrasil.com.br/acessorios-para-natacao/""
""proswim.com.br"":""https://proswim.com.br/"""
br,roupa para nadar,roupa de natação masculino,roupa de natação,neoprene para natação e triathlon,Sub page,,110,7,0.00,0.00,0,Informational,"Image Pack, Video Carousel, Site Links, Video, Image, Popular Products, Related Searches","0.66,0.52,0.66,0.66,0.66,0.66,0.33,0.42,0.33,0.33,0.42,0.42",,"""arenawaterinstinct.com.br"":""https://www.arenawaterinstinct.com.br/""
""decathlon.com.br"":""https://www.decathlon.com.br/esportes/natacao""
""lojadocompetidor.com.br"":""https://www.lojadocompetidor.com.br/hidronatacao""
""proswim.com.br"":""https://proswim.com.br/""
""medinas.com.br"":""https://www.medinas.com.br/""
""hammerhead.com.br"":""https://www.hammerhead.com.br/natacao""
""speedo.com.br"":""https://www.speedo.com.br/equipamentos""
""medinas.com.br"":""https://www.medinas.com.br/acessorios-de-natacao""
""lojaoutside.com.br"":""https://www.lojaoutside.com.br/natacao""
""lista.mercadolivre.com.br"":""https://lista.mercadolivre.com.br/esportes-fitness/natacao/acessorios-natacao/""","""arenawaterinstinct.com.br"":""https://www.arenawaterinstinct.com.br/""
""lista.mercadolivre.com.br"":""https://lista.mercadolivre.com.br/roupa-de-nata%C3%A7%C3%A3o""
""mormaiishop.com.br"":""https://www.mormaiishop.com.br/neoprene-masculino/triathlon""
""lojaoutside.com.br"":""https://www.lojaoutside.com.br/natacao""
""fabiolamolina.com.br"":""https://www.fabiolamolina.com.br/loja/moda-esportiva/feminino/trajes""
""amazon.com.br"":""https://www.amazon.com.br/neoprene-nata%C3%A7%C3%A3o/s?k=neoprene+nata%C3%A7%C3%A3o""
""blog.speedo.com.br"":""https://blog.speedo.com.br/produtos/roupa-de-borracha-para-natacao-como-escolher/""
""netshoes.com.br"":""https://www.netshoes.com.br/busca/roupas-natacao-feminina""
""medinas.com.br"":""https://www.medinas.com.br/dicas/traje-de-natacao-saiba-como-escolher-sua-roupa-para-treinar/""
""proswimwear.com.br"":""https://www.proswimwear.com.br/wetsuits/open-water.html"""
br,acessorios natacao,roupa de nadador,roupa de natação,neoprene para natação e triathlon,Sub page,,90,17,0.00,0.00,0,Commercial,"Video Carousel, Local Pack, Site Links, Video, Popular Products, Related Searches","0.42,0.53,1.00,0.00,0.26,1.00,0.15,0.15,0.11,0.15,0.42,0.34",,"""arenawaterinstinct.com.br"":""https://www.arenawaterinstinct.com.br/""
""decathlon.com.br"":""https://www.decathlon.com.br/esportes/natacao""
""lojadocompetidor.com.br"":""https://www.lojadocompetidor.com.br/hidronatacao""
""proswim.com.br"":""https://proswim.com.br/""
""medinas.com.br"":""https://www.medinas.com.br/""
""hammerhead.com.br"":""https://www.hammerhead.com.br/natacao""
""speedo.com.br"":""https://www.speedo.com.br/equipamentos""
""medinas.com.br"":""https://www.medinas.com.br/acessorios-de-natacao""
""lojaoutside.com.br"":""https://www.lojaoutside.com.br/natacao""
""lista.mercadolivre.com.br"":""https://lista.mercadolivre.com.br/esportes-fitness/natacao/acessorios-natacao/""","""arenawaterinstinct.com.br"":""https://www.arenawaterinstinct.com.br/""
""decathlon.com.br"":""https://www.decathlon.com.br/esportes/natacao""
""medinas.com.br"":""https://www.medinas.com.br/acessorios-de-natacao""
""centauro.com.br"":""https://www.centauro.com.br/nav/categorias/acessorios/esportes/natacao""
""tf.com.br"":""https://www.tf.com.br/acessorios/acessorios-para-natacao""
""lista.mercadolivre.com.br"":""https://lista.mercadolivre.com.br/esportes-fitness/natacao/acessorios-natacao/""
""lojadocompetidor.com.br"":""https://www.lojadocompetidor.com.br/hidronatacao""
""speedo.com.br"":""https://www.speedo.com.br/acessorios""
""proswim.com.br"":""https://proswim.com.br/""
""leaderbrasil.com.br"":""https://www.leaderbrasil.com.br/acessorios-para-natacao/"""
br,material para natacao,roupa de nadador,roupa de natação,neoprene para natação e triathlon,Sub page,,90,28,0.00,0.00,0,"Informational, Commercial","Image Pack, Video Carousel, AI Overview, Local Pack, Site Links, Video, Popular Products, Related Searches","0.00,0.15,0.19,0.15,0.26,0.15,0.53,0.42,0.42,0.65,0.65,0.80",,"""arenawaterinstinct.com.br"":""https://www.arenawaterinstinct.com.br/""
""decathlon.com.br"":""https://www.decathlon.com.br/esportes/natacao""
""lojadocompetidor.com.br"":""https://www.lojadocompetidor.com.br/hidronatacao""
""proswim.com.br"":""https://proswim.com.br/""
""medinas.com.br"":""https://www.medinas.com.br/""
""hammerhead.com.br"":""https://www.hammerhead.com.br/natacao""
""speedo.com.br"":""https://www.speedo.com.br/equipamentos""
""medinas.com.br"":""https://www.medinas.com.br/acessorios-de-natacao""
""lojaoutside.com.br"":""https://www.lojaoutside.com.br/natacao""
""lista.mercadolivre.com.br"":""https://lista.mercadolivre.com.br/esportes-fitness/natacao/acessorios-natacao/""","""arenawaterinstinct.com.br"":""https://www.arenawaterinstinct.com.br/""
""hammerhead.com.br"":""https://www.hammerhead.com.br/natacao""
""decathlon.com.br"":""https://www.decathlon.com.br/esportes/natacao""
""proswim.com.br"":""https://proswim.com.br/""
""medinas.com.br"":""https://www.medinas.com.br/""
""fiore.com.br"":""https://www.fiore.com.br/""
""speedo.com.br"":""https://www.speedo.com.br/equipamentos""
""centauro.com.br"":""https://www.centauro.com.br/nav/categorias/acessorios/esportes/natacao""
""proswim.com.br"":""https://proswim.com.br/""
""fabiolamolina.com.br"":""https://www.fabiolamolina.com.br/loja/blog/post/o-que-levar-para-aula-de-natacao"""
br,roupa de natação infantil,roupa de nadador,roupa de natação infantil,neoprene para natação e triathlon,Sub page,,720,14,0.00,0.00,0,Informational,"Image Pack, Site Links, Video, Image, Popular Products, Related Searches","0.81,0.55,0.36,0.24,0.55,0.62,0.55,0.45,0.36,0.30,0.36,0.45",,"""amazon.com.br"":""https://www.amazon.com.br/roupa-nata%C3%A7%C3%A3o-infantil/s?k=roupa+nata%C3%A7%C3%A3o+infantil""
""hammerhead.com.br"":""https://www.hammerhead.com.br/infantil""
""arenawaterinstinct.com.br"":""https://www.arenawaterinstinct.com.br/""
""fabiolamolina.com.br"":""https://www.fabiolamolina.com.br/loja/moda-esportiva/infantil/trajes-infantis""
""centauro.com.br"":""https://www.centauro.com.br/nav/esportes/natacao/idade/infantil""
""lista.mercadolivre.com.br"":""https://lista.mercadolivre.com.br/roupa-de-natacao-infantil""
""speedo.com.br"":""https://www.speedo.com.br/infantil/roupoes""
""ospimpolhos.com.br"":""https://www.ospimpolhos.com.br/natacao-e-mergulho-bebe-infantil""
""puket.com.br"":""https://www.puket.com.br/por-categoria/moda-praia/1/Unissex?PS=12&map=c%2Cc%2CspecificationFilter_36%2CspecificationFilter_33""
""adidas.com.br"":""https://www.adidas.com.br/roupas-kids-natacao""","""centauro.com.br"":""https://www.centauro.com.br/nav/esportes/natacao/idade/infantil""
""ospimpolhos.com.br"":""https://www.ospimpolhos.com.br/natacao-e-mergulho-bebe-infantil""
""lista.mercadolivre.com.br"":""https://lista.mercadolivre.com.br/roupa-de-natacao-infantil""
""hammerhead.com.br"":""https://www.hammerhead.com.br/infantil""
""fabiolamolina.com.br"":""https://www.fabiolamolina.com.br/loja/moda-esportiva/infantil/trajes-infantis""
""amazon.com.br"":""https://www.amazon.com.br/roupa-nata%C3%A7%C3%A3o-infantil/s?k=roupa+nata%C3%A7%C3%A3o+infantil""
""speedo.com.br"":""https://www.speedo.com.br/infantil/roupoes""
""arenawaterinstinct.com.br"":""https://www.arenawaterinstinct.com.br/""
""m.youtube.com"":""https://m.youtube.com/watch?v=WlSnDQrlQfU&pp=0gcJCdgAo7VqN5tD""
""adidas.com.br"":""https://www.adidas.com.br/roupas-kids-natacao"""
br,roupa para natação infantil,roupa de nadador,roupa de natação infantil,neoprene para natação e triathlon,Sub page,,260,7,0.00,0.00,0,Informational,"Image Pack, Video Carousel, Site Links, Video, Image, Popular Products, Related Searches","0.19,0.23,0.44,0.54,0.44,0.23,0.36,0.10,0.12,0.23,0.23,0.15",,"""amazon.com.br"":""https://www.amazon.com.br/roupa-nata%C3%A7%C3%A3o-infantil/s?k=roupa+nata%C3%A7%C3%A3o+infantil""
""hammerhead.com.br"":""https://www.hammerhead.com.br/infantil""
""arenawaterinstinct.com.br"":""https://www.arenawaterinstinct.com.br/""
""fabiolamolina.com.br"":""https://www.fabiolamolina.com.br/loja/moda-esportiva/infantil/trajes-infantis""
""centauro.com.br"":""https://www.centauro.com.br/nav/esportes/natacao/idade/infantil""
""lista.mercadolivre.com.br"":""https://lista.mercadolivre.com.br/roupa-de-natacao-infantil""
""speedo.com.br"":""https://www.speedo.com.br/infantil/roupoes""
""ospimpolhos.com.br"":""https://www.ospimpolhos.com.br/natacao-e-mergulho-bebe-infantil""
""puket.com.br"":""https://www.puket.com.br/por-categoria/moda-praia/1/Unissex?PS=12&map=c%2Cc%2CspecificationFilter_36%2CspecificationFilter_33""
""adidas.com.br"":""https://www.adidas.com.br/roupas-kids-natacao""","""arenawaterinstinct.com.br"":""https://www.arenawaterinstinct.com.br/""
""lista.mercadolivre.com.br"":""https://lista.mercadolivre.com.br/roupa-de-natacao-infantil""
""ospimpolhos.com.br"":""https://www.ospimpolhos.com.br/natacao-e-mergulho-bebe-infantil""
""centauro.com.br"":""https://www.centauro.com.br/nav/esportes/natacao/idade/infantil""
""hammerhead.com.br"":""https://www.hammerhead.com.br/infantil""
""speedo.com.br"":""https://www.speedo.com.br/infantil/roupoes""
""adidas.com.br"":""https://www.adidas.com.br/roupas-kids-natacao""
""amazon.com.br"":""https://www.amazon.com.br/roupa-nata%C3%A7%C3%A3o-infantil/s?k=roupa+nata%C3%A7%C3%A3o+infantil""
""fabiolamolina.com.br"":""https://www.fabiolamolina.com.br/loja/moda-esportiva/infantil/trajes-infantis""
""doozysports.com.br"":""https://doozysports.com.br/collections/linha-de-natacao-infantil"""
br,roupa de natação infantil masculino,roupa de nadador,roupa de natação infantil,neoprene para natação e triathlon,Sub page,,170,9,0.00,0.00,0,Informational,"Image Pack, Site Links, Video, Image, Popular Products, Related Searches","0.66,0.66,0.43,0.35,0.66,0.53,0.35,0.35,0.23,0.28,0.35,0.35",,"""amazon.com.br"":""https://www.amazon.com.br/roupa-nata%C3%A7%C3%A3o-infantil/s?k=roupa+nata%C3%A7%C3%A3o+infantil""
""hammerhead.com.br"":""https://www.hammerhead.com.br/infantil""
""arenawaterinstinct.com.br"":""https://www.arenawaterinstinct.com.br/""
""fabiolamolina.com.br"":""https://www.fabiolamolina.com.br/loja/moda-esportiva/infantil/trajes-infantis""
""centauro.com.br"":""https://www.centauro.com.br/nav/esportes/natacao/idade/infantil""
""lista.mercadolivre.com.br"":""https://lista.mercadolivre.com.br/roupa-de-natacao-infantil""
""speedo.com.br"":""https://www.speedo.com.br/infantil/roupoes""
""ospimpolhos.com.br"":""https://www.ospimpolhos.com.br/natacao-e-mergulho-bebe-infantil""
""puket.com.br"":""https://www.puket.com.br/por-categoria/moda-praia/1/Unissex?PS=12&map=c%2Cc%2CspecificationFilter_36%2CspecificationFilter_33""
""adidas.com.br"":""https://www.adidas.com.br/roupas-kids-natacao""","""centauro.com.br"":""https://www.centauro.com.br/nav/esportes/natacao/idade/infantil""
""arenawaterinstinct.com.br"":""https://www.arenawaterinstinct.com.br/""
""lista.mercadolivre.com.br"":""https://lista.mercadolivre.com.br/roupa-de-natacao-infantil""
""hammerhead.com.br"":""https://www.hammerhead.com.br/infantil""
""speedo.com.br"":""https://www.speedo.com.br/infantil/sungas""
""mormaiishop.com.br"":""https://www.mormaiishop.com.br/moda-praia-masculina-infantil""
""amazon.com.br"":""https://www.amazon.com.br/roupa-nata%C3%A7%C3%A3o-infantil/s?k=roupa+nata%C3%A7%C3%A3o+infantil""
""puket.com.br"":""https://www.puket.com.br/por-categoria/moda-praia/1/Unissex?PS=12&map=c%2Cc%2CspecificationFilter_36%2CspecificationFilter_33""
""fabiolamolina.com.br"":""https://www.fabiolamolina.com.br/loja/moda-esportiva/infantil/trajes-infantis""
""amazon.com.br"":""https://www.amazon.com.br/roupa-nata%C3%A7%C3%A3o-infantil/s?k=roupa+nata%C3%A7%C3%A3o+infantil"""
br,roupa de natação feminina infantil,roupa de nadador,roupa de natação infantil,neoprene para natação e triathlon,Sub page,,110,7,0.00,0.00,0,"Informational, Commercial","Image Pack, Video Carousel, Site Links, Video, Image, Popular Products, Related Searches, AI Overview","0.42,0.42,0.42,0.26,1.00,0.65,0.53,0.26,0.26,0.00,0.26,0.26",,"""amazon.com.br"":""https://www.amazon.com.br/roupa-nata%C3%A7%C3%A3o-infantil/s?k=roupa+nata%C3%A7%C3%A3o+infantil""
""hammerhead.com.br"":""https://www.hammerhead.com.br/infantil""
""arenawaterinstinct.com.br"":""https://www.arenawaterinstinct.com.br/""
""fabiolamolina.com.br"":""https://www.fabiolamolina.com.br/loja/moda-esportiva/infantil/trajes-infantis""
""centauro.com.br"":""https://www.centauro.com.br/nav/esportes/natacao/idade/infantil""
""lista.mercadolivre.com.br"":""https://lista.mercadolivre.com.br/roupa-de-natacao-infantil""
""speedo.com.br"":""https://www.speedo.com.br/infantil/roupoes""
""ospimpolhos.com.br"":""https://www.ospimpolhos.com.br/natacao-e-mergulho-bebe-infantil""
""puket.com.br"":""https://www.puket.com.br/por-categoria/moda-praia/1/Unissex?PS=12&map=c%2Cc%2CspecificationFilter_36%2CspecificationFilter_33""
""adidas.com.br"":""https://www.adidas.com.br/roupas-kids-natacao""","""hammerhead.com.br"":""https://www.hammerhead.com.br/infantil""
""fabiolamolina.com.br"":""https://www.fabiolamolina.com.br/loja/moda-esportiva/infantil/trajes-infantis""
""speedo.com.br"":""https://www.speedo.com.br/infantil/roupoes""
""arenawaterinstinct.com.br"":""https://www.arenawaterinstinct.com.br/""
""lista.mercadolivre.com.br"":""https://lista.mercadolivre.com.br/roupa-de-natacao-feminina-infantil""
""puket.com.br"":""https://www.puket.com.br/por-categoria/moda-praia/1/Unissex?PS=12&map=c%2Cc%2CspecificationFilter_36%2CspecificationFilter_33""
""medinas.com.br"":""https://www.medinas.com.br/roupa-natacao-feminina""
""amazon.com.br"":""https://www.amazon.com.br/roupa-nata%C3%A7%C3%A3o-infantil/s?k=roupa+nata%C3%A7%C3%A3o+infantil""
""shopee.com.br"":""https://shopee.com.br/Kit-Mai%C3%B4-Touca-E-%C3%93culos-De-Nata%C3%A7%C3%A3o-Infantil-Sete-Tri-i.367885228.22492797025""
""mormaiishop.com.br"":""https://www.mormaiishop.com.br/moda-praia-feminina-infantil"""
br,roupa de natação masculina,roupa de natação masculino,roupa de natação masculina,neoprene para natação e triathlon,Sub page,,590,11,0.00,0.00,0,Informational,"Image Pack, People Also Ask, Site Links, Video, Image, Popular Products, Related Searches","0.88,0.59,0.48,0.32,0.72,0.72,0.72,0.48,0.48,0.48,0.72,0.59",,"""arenawaterinstinct.com.br"":""https://www.arenawaterinstinct.com.br/masculino""
""medinas.com.br"":""https://www.medinas.com.br/roupa-natacao-masculina""
""hammerhead.com.br"":""https://www.hammerhead.com.br/masculino""
""centauro.com.br"":""https://www.centauro.com.br/nav/esportes/natacao/genero/masculino""
""febefitness.com"":""https://febefitness.com/categoria/natacao/roupas-de-natacao-masculina/""
""adidas.com.br"":""https://www.adidas.com.br/roupas-homem-natacao""
""lista.mercadolivre.com.br"":""https://lista.mercadolivre.com.br/roupa-de-natacao-masculina-roupas""
""lojaoutside.com.br"":""https://www.lojaoutside.com.br/natacao/wetsuits""
""mormaiishop.com.br"":""https://www.mormaiishop.com.br/neoprene-masculino""
""tudoparanatacao.com.br"":""https://www.tudoparanatacao.com.br/bermuda""","""arenawaterinstinct.com.br"":""https://www.arenawaterinstinct.com.br/masculino""
""centauro.com.br"":""https://www.centauro.com.br/nav/esportes/natacao/genero/masculino""
""medinas.com.br"":""https://www.medinas.com.br/roupa-natacao-masculina""
""lojaoutside.com.br"":""https://www.lojaoutside.com.br/natacao/wetsuits""
""lista.mercadolivre.com.br"":""https://lista.mercadolivre.com.br/roupa-de-natacao-masculina-roupas""
""tf.com.br"":""https://www.tf.com.br/natacao-masculino""
""hammerhead.com.br"":""https://www.hammerhead.com.br/masculino""
""mormaiishop.com.br"":""https://www.mormaiishop.com.br/neoprene-masculino/triathlon""
""adidas.com.br"":""https://www.adidas.com.br/roupas-homem-natacao""
""febefitness.com"":""https://febefitness.com/categoria/natacao/roupas-de-natacao-masculina/"""
br,traje de natação masculino,roupa de natação masculino,roupa de natação masculina,neoprene para natação e triathlon,Sub page,,260,8,0.00,0.00,0,"Informational, Commercial","Image Pack, People Also Ask, Site Links, Video, Image, Popular Products, Related Searches","0.53,0.43,0.53,0.81,0.65,1.00,0.81,0.65,1.00,1.00,0.81,0.65",,"""arenawaterinstinct.com.br"":""https://www.arenawaterinstinct.com.br/masculino""
""medinas.com.br"":""https://www.medinas.com.br/roupa-natacao-masculina""
""hammerhead.com.br"":""https://www.hammerhead.com.br/masculino""
""centauro.com.br"":""https://www.centauro.com.br/nav/esportes/natacao/genero/masculino""
""febefitness.com"":""https://febefitness.com/categoria/natacao/roupas-de-natacao-masculina/""
""adidas.com.br"":""https://www.adidas.com.br/roupas-homem-natacao""
""lista.mercadolivre.com.br"":""https://lista.mercadolivre.com.br/roupa-de-natacao-masculina-roupas""
""lojaoutside.com.br"":""https://www.lojaoutside.com.br/natacao/wetsuits""
""mormaiishop.com.br"":""https://www.mormaiishop.com.br/neoprene-masculino""
""tudoparanatacao.com.br"":""https://www.tudoparanatacao.com.br/bermuda""","""arenawaterinstinct.com.br"":""https://www.arenawaterinstinct.com.br/masculino""
""tudoparanatacao.com.br"":""https://www.tudoparanatacao.com.br/bermuda""
""lista.mercadolivre.com.br"":""https://lista.mercadolivre.com.br/traje-natacao-arena-masculino""
""tyrsport.com.br"":""https://tyrsport.com.br/collections/masculino-traje-de-competicao""
""medinas.com.br"":""https://www.medinas.com.br/roupa-natacao-masculina""
""arenawaterinstinct.com.br"":""https://www.arenawaterinstinct.com.br/triatlon-e-aguas-abertas-masculino""
""lista.mercadolivre.com.br"":""https://lista.mercadolivre.com.br/traje-de-natacao-masculino""
""hammerhead.com.br"":""https://www.hammerhead.com.br/masculino""
""finisbr.com"":""https://finisbr.com/trajes/masculino/""
""centauro.com.br"":""https://www.centauro.com.br/nav/esportes/natacao/genero/masculino"""
br,roupa para natacao masculina,roupa de natação masculino,roupa de natação masculina,neoprene para natação e triathlon,Sub page,,140,6,0.00,0.00,0,Informational,"Image Pack, AI Overview, Site Links, Video, Image, Popular Products, Related Searches","1.00,0.28,0.35,0.11,0.23,0.08,0.06,0.15,0.06,0.08,0.08,0.15",,"""arenawaterinstinct.com.br"":""https://www.arenawaterinstinct.com.br/masculino""
""medinas.com.br"":""https://www.medinas.com.br/roupa-natacao-masculina""
""hammerhead.com.br"":""https://www.hammerhead.com.br/masculino""
""centauro.com.br"":""https://www.centauro.com.br/nav/esportes/natacao/genero/masculino""
""febefitness.com"":""https://febefitness.com/categoria/natacao/roupas-de-natacao-masculina/""
""adidas.com.br"":""https://www.adidas.com.br/roupas-homem-natacao""
""lista.mercadolivre.com.br"":""https://lista.mercadolivre.com.br/roupa-de-natacao-masculina-roupas""
""lojaoutside.com.br"":""https://www.lojaoutside.com.br/natacao/wetsuits""
""mormaiishop.com.br"":""https://www.mormaiishop.com.br/neoprene-masculino""
""tudoparanatacao.com.br"":""https://www.tudoparanatacao.com.br/bermuda""","""arenawaterinstinct.com.br"":""https://www.arenawaterinstinct.com.br/masculino""
""medinas.com.br"":""https://www.medinas.com.br/roupa-natacao-masculina""
""hammerhead.com.br"":""https://www.hammerhead.com.br/masculino""
""lista.mercadolivre.com.br"":""https://lista.mercadolivre.com.br/roupa-de-natacao-masculina-roupas""
""mormaiishop.com.br"":""https://www.mormaiishop.com.br/neoprene-masculino""
""lojaoutside.com.br"":""https://www.lojaoutside.com.br/natacao/wetsuits""
""febefitness.com"":""https://febefitness.com/categoria/natacao/roupas-de-natacao-masculina/""
""adidas.com.br"":""https://www.adidas.com.br/roupas-homem-natacao""
""netshoes.com.br"":""https://www.netshoes.com.br/natacao/masculino""
""barcellossports.com.br"":""https://www.barcellossports.com.br/roupa-de-borracha"""
br,roupa de natacao masculina,roupa de natação masculino,roupa de natação masculina,neoprene para natação e triathlon,Sub page,,140,10,0.00,0.00,0,Commercial,"Image Pack, People Also Ask, Site Links, Video, Image, Popular Products, Related Searches","0.08,0.14,0.54,0.18,0.14,0.10,0.14,0.43,0.43,0.29,0.43,0.35",,"""arenawaterinstinct.com.br"":""https://www.arenawaterinstinct.com.br/masculino""
""medinas.com.br"":""https://www.medinas.com.br/roupa-natacao-masculina""
""hammerhead.com.br"":""https://www.hammerhead.com.br/masculino""
""centauro.com.br"":""https://www.centauro.com.br/nav/esportes/natacao/genero/masculino""
""febefitness.com"":""https://febefitness.com/categoria/natacao/roupas-de-natacao-masculina/""
""adidas.com.br"":""https://www.adidas.com.br/roupas-homem-natacao""
""lista.mercadolivre.com.br"":""https://lista.mercadolivre.com.br/roupa-de-natacao-masculina-roupas""
""lojaoutside.com.br"":""https://www.lojaoutside.com.br/natacao/wetsuits""
""mormaiishop.com.br"":""https://www.mormaiishop.com.br/neoprene-masculino""
""tudoparanatacao.com.br"":""https://www.tudoparanatacao.com.br/bermuda""","""arenawaterinstinct.com.br"":""https://www.arenawaterinstinct.com.br/masculino""
""centauro.com.br"":""https://www.centauro.com.br/nav/esportes/natacao/genero/masculino""
""hammerhead.com.br"":""https://www.hammerhead.com.br/masculino""
""medinas.com.br"":""https://www.medinas.com.br/roupa-natacao-masculina""
""lista.mercadolivre.com.br"":""https://lista.mercadolivre.com.br/roupa-natacao-masculino""
""mormaiishop.com.br"":""https://www.mormaiishop.com.br/neoprene-masculino""
""tf.com.br"":""https://www.tf.com.br/natacao-masculino""
""lojaoutside.com.br"":""https://www.lojaoutside.com.br/natacao""
""tudoparanatacao.com.br"":""https://www.tudoparanatacao.com.br/bermuda""
""adidas.com.br"":""https://www.adidas.com.br/roupas-homem-natacao"""
br,natação masculina,roupa de natação masculino,roupa de natação masculina,neoprene para natação e triathlon,Sub page,,90,7,0.00,0.00,0,Informational,"Image Pack, People Also Ask, Site Links, Video, Popular Products, Related Searches","0.07,0.07,0.10,0.10,0.10,0.07,0.10,0.10,0.07,0.10,0.12,0.07",,"""arenawaterinstinct.com.br"":""https://www.arenawaterinstinct.com.br/masculino""
""medinas.com.br"":""https://www.medinas.com.br/roupa-natacao-masculina""
""hammerhead.com.br"":""https://www.hammerhead.com.br/masculino""
""centauro.com.br"":""https://www.centauro.com.br/nav/esportes/natacao/genero/masculino""
""febefitness.com"":""https://febefitness.com/categoria/natacao/roupas-de-natacao-masculina/""
""adidas.com.br"":""https://www.adidas.com.br/roupas-homem-natacao""
""lista.mercadolivre.com.br"":""https://lista.mercadolivre.com.br/roupa-de-natacao-masculina-roupas""
""lojaoutside.com.br"":""https://www.lojaoutside.com.br/natacao/wetsuits""
""mormaiishop.com.br"":""https://www.mormaiishop.com.br/neoprene-masculino""
""tudoparanatacao.com.br"":""https://www.tudoparanatacao.com.br/bermuda""","""arenawaterinstinct.com.br"":""https://www.arenawaterinstinct.com.br/masculino""
""mormaiishop.com.br"":""https://www.mormaiishop.com.br/natacao""
""hammerhead.com.br"":""https://www.hammerhead.com.br/masculino""
""r2lstore.com.br"":""https://www.r2lstore.com.br/natacao/""
""flets.com.br"":""https://flets.com.br/collections/masculino-natacao""
""speedo.com.br"":""https://www.speedo.com.br/masculino/sungas""
""decathlon.com.br"":""https://www.decathlon.com.br/esportes/natacao""
""youtube.com"":""https://www.youtube.com/watch?v=jIlvU4EbVXQ""
""medinas.com.br"":""https://www.medinas.com.br/roupa-natacao-masculina""
""febefitness.com"":""https://febefitness.com/categoria/natacao/roupas-de-natacao-masculina/"""
br,roupa de surfista feminina,roupa neoprene feminina,roupa de surfista feminina,camisas de neoprene para surf e esportes aquáticos,Sub page,,210,8,0.00,0.00,0,Commercial,"Image Pack, Site Links, Video, Image, Popular Products, Related Searches","0.66,0.44,0.54,0.29,0.29,0.23,0.19,0.19,0.06,0.06,0.04,0.23",,"""surfalive.com.br"":""https://www.surfalive.com.br/surf/roupa-de-borracha/feminino""
""hurley.com.br"":""https://hurley.com.br/collections/feminino-surf-e-praia""
""ripcurl.com.br"":""https://www.ripcurl.com.br/feminino""
""wilders.com.br"":""https://wilders.com.br/""
""mormaiishop.com.br"":""https://www.mormaiishop.com.br/neoprene-feminino/surf""
""surftrip.com.br"":""https://www.surftrip.com.br/feminino""
""lista.mercadolivre.com.br"":""https://lista.mercadolivre.com.br/roupa-surf-feminina""
""decathlon.com.br"":""https://www.decathlon.com.br/roupas/superiores/Surf%20e%20Bodyboard/FEMININO""
""hurley.com.br"":""https://hurley.com.br/blogs/news/historia-surf-feminino-brasil""
""freesurf.com.br"":""https://freesurf.com.br/feminino/c""","""ripcurl.com.br"":""https://www.ripcurl.com.br/feminino""
""hurley.com.br"":""https://hurley.com.br/collections/feminino-surf-e-praia""
""lista.mercadolivre.com.br"":""https://lista.mercadolivre.com.br/roupa-surf-feminina""
""wilders.com.br"":""https://wilders.com.br/""
""decathlon.com.br"":""https://www.decathlon.com.br/roupas/superiores/Surf%20e%20Bodyboard/FEMININO""
""mormaiishop.com.br"":""https://www.mormaiishop.com.br/neoprene-feminino/surf""
""surftrip.com.br"":""https://www.surftrip.com.br/feminino""
""surfalive.com.br"":""https://www.surfalive.com.br/surf/roupa-de-borracha/feminino""
""backwash.com.br"":""https://www.backwash.com.br/roupas/roupas-femininas""
""amazon.com.br"":""https://www.amazon.com.br/roupa-de-surf-feminina/s?k=roupa+de+surf+feminina"""
br,surf feminino,neoprene feminino,roupa de surfista feminina,camisas de neoprene para surf e esportes aquáticos,Sub page,,210,15,0.00,0.00,0,"Informational, Commercial","Image Pack, People Also Ask, Site Links, Video, Image, Popular Products, Related Searches","0.00,0.00,0.00,0.00,0.00,0.00,0.00,0.00,0.00,0.00,0.00,0.00",,"""surfalive.com.br"":""https://www.surfalive.com.br/surf/roupa-de-borracha/feminino""
""hurley.com.br"":""https://hurley.com.br/collections/feminino-surf-e-praia""
""ripcurl.com.br"":""https://www.ripcurl.com.br/feminino""
""wilders.com.br"":""https://wilders.com.br/""
""mormaiishop.com.br"":""https://www.mormaiishop.com.br/neoprene-feminino/surf""
""surftrip.com.br"":""https://www.surftrip.com.br/feminino""
""lista.mercadolivre.com.br"":""https://lista.mercadolivre.com.br/roupa-surf-feminina""
""decathlon.com.br"":""https://www.decathlon.com.br/roupas/superiores/Surf%20e%20Bodyboard/FEMININO""
""hurley.com.br"":""https://hurley.com.br/blogs/news/historia-surf-feminino-brasil""
""freesurf.com.br"":""https://freesurf.com.br/feminino/c""","""hurley.com.br"":""https://hurley.com.br/collections/feminino-surf-e-praia""
""ripcurl.com.br"":""https://www.ripcurl.com.br/feminino""
""wilders.com.br"":""https://wilders.com.br/""
""mormaiishop.com.br"":""https://www.mormaiishop.com.br/neoprene-feminino/surf""
""surftrip.com.br"":""https://www.surftrip.com.br/feminino""
""hurley.com.br"":""https://hurley.com.br/blogs/news/historia-surf-feminino-brasil""
""freesurf.com.br"":""https://freesurf.com.br/feminino/c""
""surfalive.com.br"":""https://www.surfalive.com.br/surf/roupa-de-borracha/feminino""
""instagram.com"":""https://www.instagram.com/asmaritimas/""
""surfalive.com.br"":""https://www.surfalive.com.br/surf/roupa-de-borracha/feminino"""
br,marcas de roupa de surf,neoprene surf,roupa de surf masculina,camisas de neoprene para surf e esportes aquáticos,Sub page,,140,23,0.00,0.00,0,Commercial,"Image Pack, People Also Ask, AI Overview, Site Links, Video, Related Searches","1.00,0.28,0.81,0.21,0.28,0.21,0.21,0.21,0.53,0.53,0.43,0.65",,"""mormaiishop.com.br"":""https://www.mormaiishop.com.br/neoprene-masculino/surf""
""ripcurl.com.br"":""https://www.ripcurl.com.br/""
""hurley.com.br"":""https://hurley.com.br/collections/masculino-surf-e-praia""
""hangloose.com.br"":""https://hangloose.com.br/collections/roupas-de-surf-praia""
""centralsurf.com.br"":""https://www.centralsurf.com.br/""
""surftrip.com.br"":""https://www.surftrip.com.br/masculino""
""billabong.com.br"":""https://www.billabong.com.br/""
""wilders.com.br"":""https://wilders.com.br/""
""decathlon.com.br"":""https://www.decathlon.com.br/esportes/surf-e-bodyboard""
""lista.mercadolivre.com.br"":""https://lista.mercadolivre.com.br/roupa-de-surf""","""ripcurl.com.br"":""https://www.ripcurl.com.br/""
""surftrip.com.br"":""https://www.surftrip.com.br/marcas""
""mormaiishop.com.br"":""https://www.mormaiishop.com.br/neoprene-masculino/surf""
""billabong.com.br"":""https://www.billabong.com.br/""
""quiksilver.com.br"":""https://www.quiksilver.com.br/""
""hangloose.com.br"":""https://hangloose.com.br/collections/roupas-de-surf-praia""
""maresia.com.br"":""https://www.maresia.com.br/""
""hawaiisurfpoint.com.br"":""https://www.hawaiisurfpoint.com.br/marcas-de-surf/""
""centralsurf.com.br"":""https://www.centralsurf.com.br/""
""hurley.com.br"":""https://hurley.com.br/collections/feminino-surf-e-praia"""
br,roupa de surf,roupa de borracha para surf,roupa de surf masculina,camisas de neoprene para surf e esportes aquáticos,Sub page,,1600,25,0.00,0.00,0,Commercial,"Image Pack, People Also Ask, Site Links, Video, Image, Popular Products, Related Searches","0.66,0.66,0.36,0.52,0.27,0.52,0.44,0.36,0.36,0.44,0.52,0.52",,"""mormaiishop.com.br"":""https://www.mormaiishop.com.br/neoprene-masculino/surf""
""ripcurl.com.br"":""https://www.ripcurl.com.br/""
""hurley.com.br"":""https://hurley.com.br/collections/masculino-surf-e-praia""
""hangloose.com.br"":""https://hangloose.com.br/collections/roupas-de-surf-praia""
""centralsurf.com.br"":""https://www.centralsurf.com.br/""
""surftrip.com.br"":""https://www.surftrip.com.br/masculino""
""billabong.com.br"":""https://www.billabong.com.br/""
""wilders.com.br"":""https://wilders.com.br/""
""decathlon.com.br"":""https://www.decathlon.com.br/esportes/surf-e-bodyboard""
""lista.mercadolivre.com.br"":""https://lista.mercadolivre.com.br/roupa-de-surf""","""ripcurl.com.br"":""https://www.ripcurl.com.br/""
""mormaiishop.com.br"":""https://www.mormaiishop.com.br/neoprene-masculino/surf""
""hurley.com.br"":""https://hurley.com.br/collections/masculino-surf-e-praia""
""wilders.com.br"":""https://wilders.com.br/""
""onlysurf.com.br"":""https://www.onlysurf.com.br/wetsuit-long-john-short-sleeve-neoprene-lycra-roupa-borracha-surf""
""centralsurf.com.br"":""https://www.centralsurf.com.br/""
""lista.mercadolivre.com.br"":""https://lista.mercadolivre.com.br/roupa-de-surf""
""decathlon.com.br"":""https://www.decathlon.com.br/esportes/surf-e-bodyboard""
""hangloose.com.br"":""https://hangloose.com.br/collections/roupas-de-surf-praia""
""surftrip.com.br"":""https://www.surftrip.com.br/"""
br,roupa de surf masculina,roupa de borracha para surf,roupa de surf masculina,camisas de neoprene para surf e esportes aquáticos,Sub page,,720,9,0.00,0.00,0,Informational,"Image Pack, Site Links, Video, Image, Popular Products, Related Searches","0.72,0.88,0.88,1.00,1.00,0.59,1.00,0.72,0.59,0.59,0.48,0.39",,"""mormaiishop.com.br"":""https://www.mormaiishop.com.br/neoprene-masculino/surf""
""ripcurl.com.br"":""https://www.ripcurl.com.br/""
""hurley.com.br"":""https://hurley.com.br/collections/masculino-surf-e-praia""
""hangloose.com.br"":""https://hangloose.com.br/collections/roupas-de-surf-praia""
""centralsurf.com.br"":""https://www.centralsurf.com.br/""
""surftrip.com.br"":""https://www.surftrip.com.br/masculino""
""billabong.com.br"":""https://www.billabong.com.br/""
""wilders.com.br"":""https://wilders.com.br/""
""decathlon.com.br"":""https://www.decathlon.com.br/esportes/surf-e-bodyboard""
""lista.mercadolivre.com.br"":""https://lista.mercadolivre.com.br/roupa-de-surf""","""mormaiishop.com.br"":""https://www.mormaiishop.com.br/neoprene-masculino/surf""
""hurley.com.br"":""https://hurley.com.br/collections/masculino-surf-e-praia""
""ripcurl.com.br"":""https://www.ripcurl.com.br/""
""lista.mercadolivre.com.br"":""https://lista.mercadolivre.com.br/roupa-surf-masculina""
""decathlon.com.br"":""https://www.decathlon.com.br/esportes/surf-e-bodyboard""
""onlysurf.com.br"":""https://www.onlysurf.com.br/wetsuit-long-john-short-sleeve-neoprene-lycra-roupa-borracha-surf""
""centauro.com.br"":""https://www.centauro.com.br/nav/esportes/surfstandup/genero/masculino""
""surftrip.com.br"":""https://www.surftrip.com.br/masculino""
""hangloose.com.br"":""https://hangloose.com.br/collections/roupas-de-surf-praia""
""backwash.com.br"":""https://www.backwash.com.br/roupas/roupas-masculinas"""
br,roupas para surfar,roupa de borracha para surf,roupa de surf masculina,camisas de neoprene para surf e esportes aquáticos,Sub page,,720,12,0.00,0.00,0,Commercial,"Image Pack, People Also Ask, Site Links, Video, Related Searches","1.00,0.81,0.81,0.81,0.45,0.00,0.55,0.55,0.24,0.00,0.00,0.00",,"""mormaiishop.com.br"":""https://www.mormaiishop.com.br/neoprene-masculino/surf""
""ripcurl.com.br"":""https://www.ripcurl.com.br/""
""hurley.com.br"":""https://hurley.com.br/collections/masculino-surf-e-praia""
""hangloose.com.br"":""https://hangloose.com.br/collections/roupas-de-surf-praia""
""centralsurf.com.br"":""https://www.centralsurf.com.br/""
""surftrip.com.br"":""https://www.surftrip.com.br/masculino""
""billabong.com.br"":""https://www.billabong.com.br/""
""wilders.com.br"":""https://wilders.com.br/""
""decathlon.com.br"":""https://www.decathlon.com.br/esportes/surf-e-bodyboard""
""lista.mercadolivre.com.br"":""https://lista.mercadolivre.com.br/roupa-de-surf""","""ripcurl.com.br"":""https://www.ripcurl.com.br/""
""mormaiishop.com.br"":""https://www.mormaiishop.com.br/neoprene-masculino/surf""
""hurley.com.br"":""https://hurley.com.br/collections/masculino-surf-e-praia""
""decathlon.com.br"":""https://www.decathlon.com.br/esportes/surf-e-bodyboard""
""vixbrasil.com"":""https://www.vixbrasil.com/surf""
""lista.mercadolivre.com.br"":""https://lista.mercadolivre.com.br/roupa-de-surf""
""comsurf.com.br"":""https://www.comsurf.com.br/wetsuit""
""hangloose.com.br"":""https://hangloose.com.br/collections/roupas-de-surf-praia""
""wilders.com.br"":""https://wilders.com.br/""
""hurley.com.br"":""https://hurley.com.br/blogs/news/o-que-levar-na-sua-primeira-aventura-de-surf"""
br,roupa de surfista,neoprene surf,roupa de surf masculina,camisas de neoprene para surf e esportes aquáticos,Sub page,,590,13,0.00,0.00,0,Commercial,"Image Pack, People Also Ask, Site Links, Video, Image, Popular Products, Related Searches","0.24,0.41,0.20,0.20,0.24,0.20,0.20,0.41,0.24,0.30,0.20,0.24",,"""mormaiishop.com.br"":""https://www.mormaiishop.com.br/neoprene-masculino/surf""
""ripcurl.com.br"":""https://www.ripcurl.com.br/""
""hurley.com.br"":""https://hurley.com.br/collections/masculino-surf-e-praia""
""hangloose.com.br"":""https://hangloose.com.br/collections/roupas-de-surf-praia""
""centralsurf.com.br"":""https://www.centralsurf.com.br/""
""surftrip.com.br"":""https://www.surftrip.com.br/masculino""
""billabong.com.br"":""https://www.billabong.com.br/""
""wilders.com.br"":""https://wilders.com.br/""
""decathlon.com.br"":""https://www.decathlon.com.br/esportes/surf-e-bodyboard""
""lista.mercadolivre.com.br"":""https://lista.mercadolivre.com.br/roupa-de-surf""","""ripcurl.com.br"":""https://www.ripcurl.com.br/""
""mormaiishop.com.br"":""https://www.mormaiishop.com.br/neoprene-masculino/surf""
""hurley.com.br"":""https://hurley.com.br/collections/masculino-surf-e-praia""
""wilders.com.br"":""https://wilders.com.br/""
""lista.mercadolivre.com.br"":""https://lista.mercadolivre.com.br/roupa-de-surf""
""surftrip.com.br"":""https://www.surftrip.com.br/masculino""
""hangloose.com.br"":""https://hangloose.com.br/collections/roupas-de-surf-praia""
""netshoes.com.br"":""https://www.netshoes.com.br/busca/roupa-de-surfista""
""onlysurf.com.br"":""https://www.onlysurf.com.br/wetsuit-long-john-short-sleeve-neoprene-lycra-roupa-borracha-surf""
""netshoes.com.br"":""https://www.netshoes.com.br/busca/roupa-de-surfista"""
br,roupa de surfista masculina,roupa de borracha para surf,roupa de surf masculina,camisas de neoprene para surf e esportes aquáticos,Sub page,,480,11,0.00,0.00,0,Commercial,"Image Pack, People Also Ask, Site Links, Video, Image, Popular Products, Related Searches","1.00,0.67,0.24,0.36,0.45,0.30,0.36,0.24,0.16,0.20,0.16,0.16",,"""mormaiishop.com.br"":""https://www.mormaiishop.com.br/neoprene-masculino/surf""
""ripcurl.com.br"":""https://www.ripcurl.com.br/""
""hurley.com.br"":""https://hurley.com.br/collections/masculino-surf-e-praia""
""hangloose.com.br"":""https://hangloose.com.br/collections/roupas-de-surf-praia""
""centralsurf.com.br"":""https://www.centralsurf.com.br/""
""surftrip.com.br"":""https://www.surftrip.com.br/masculino""
""billabong.com.br"":""https://www.billabong.com.br/""
""wilders.com.br"":""https://wilders.com.br/""
""decathlon.com.br"":""https://www.decathlon.com.br/esportes/surf-e-bodyboard""
""lista.mercadolivre.com.br"":""https://lista.mercadolivre.com.br/roupa-de-surf""","""mormaiishop.com.br"":""https://www.mormaiishop.com.br/neoprene-masculino/surf""
""ripcurl.com.br"":""https://www.ripcurl.com.br/masculino""
""centralsurf.com.br"":""https://www.centralsurf.com.br/""
""hurley.com.br"":""https://hurley.com.br/collections/masculino-surf-e-praia""
""centauro.com.br"":""https://www.centauro.com.br/nav/esportes/surfstandup/genero/masculino""
""lista.mercadolivre.com.br"":""https://lista.mercadolivre.com.br/roupa-surf-masculina""
""surftrip.com.br"":""https://www.surftrip.com.br/masculino""
""hangloose.com.br"":""https://hangloose.com.br/collections/roupas-de-surf-praia""
""backwash.com.br"":""https://www.backwash.com.br/roupas/roupas-masculinas""
""freesurf.com.br"":""https://freesurf.com.br/"""
br,marcas de surfista,neoprene surf,roupa de surf masculina,camisas de neoprene para surf e esportes aquáticos,Sub page,,140,15,0.00,0.00,0,Commercial,"Image Pack, People Also Ask, Site Links, Video, Popular Products, Related Searches","0.00,0.01,0.00,0.01,0.01,0.01,0.01,0.01,0.01,0.01,0.01,0.34",,"""mormaiishop.com.br"":""https://www.mormaiishop.com.br/neoprene-masculino/surf""
""ripcurl.com.br"":""https://www.ripcurl.com.br/""
""hurley.com.br"":""https://hurley.com.br/collections/masculino-surf-e-praia""
""hangloose.com.br"":""https://hangloose.com.br/collections/roupas-de-surf-praia""
""centralsurf.com.br"":""https://www.centralsurf.com.br/""
""surftrip.com.br"":""https://www.surftrip.com.br/masculino""
""billabong.com.br"":""https://www.billabong.com.br/""
""wilders.com.br"":""https://wilders.com.br/""
""decathlon.com.br"":""https://www.decathlon.com.br/esportes/surf-e-bodyboard""
""lista.mercadolivre.com.br"":""https://lista.mercadolivre.com.br/roupa-de-surf""","""ripcurl.com.br"":""https://www.ripcurl.com.br/""
""surftrip.com.br"":""https://www.surftrip.com.br/marcas""
""billabong.com.br"":""https://www.billabong.com.br/""
""starpoint.com.br"":""https://www.starpoint.com.br/marcas""
""surfalive.com.br"":""https://www.surfalive.com.br/masculino""
""mormaiishop.com.br"":""https://www.mormaiishop.com.br/neoprene-masculino/surf""
""hawaiisurfpoint.com.br"":""https://www.hawaiisurfpoint.com.br/marcas-de-surf/""
""quiksilver.com.br"":""https://www.quiksilver.com.br/""
""surfco.com.br"":""https://www.surfco.com.br/""
""ericeirasurfskate.pt"":""https://ericeirasurfskate.pt/pt/brands"""
br,loja roupa de surf,neoprene surf,roupa de surf masculina,camisas de neoprene para surf e esportes aquáticos,Sub page,,110,50,0.00,0.00,0,Commercial,"Local Pack, Site Links, Video, Related Searches","0.42,1.00,0.34,0.26,0.53,0.42,0.34,0.42,0.42,0.42,0.26,0.34",,"""mormaiishop.com.br"":""https://www.mormaiishop.com.br/neoprene-masculino/surf""
""ripcurl.com.br"":""https://www.ripcurl.com.br/""
""hurley.com.br"":""https://hurley.com.br/collections/masculino-surf-e-praia""
""hangloose.com.br"":""https://hangloose.com.br/collections/roupas-de-surf-praia""
""centralsurf.com.br"":""https://www.centralsurf.com.br/""
""surftrip.com.br"":""https://www.surftrip.com.br/masculino""
""billabong.com.br"":""https://www.billabong.com.br/""
""wilders.com.br"":""https://wilders.com.br/""
""decathlon.com.br"":""https://www.decathlon.com.br/esportes/surf-e-bodyboard""
""lista.mercadolivre.com.br"":""https://lista.mercadolivre.com.br/roupa-de-surf""","""ripcurl.com.br"":""https://www.ripcurl.com.br/""
""surftrip.com.br"":""https://www.surftrip.com.br/""
""billabong.com.br"":""https://www.billabong.com.br/""
""centralsurf.com.br"":""https://www.centralsurf.com.br/""
""freesurf.com.br"":""https://freesurf.com.br/""
""hurley.com.br"":""https://hurley.com.br/collections/masculino-surf-e-praia""
""uluwatu.com.br"":""https://www.uluwatu.com.br/""
""hangloose.com.br"":""https://hangloose.com.br/""
""mormaiishop.com.br"":""https://www.mormaiishop.com.br/neoprene-masculino/surf""
""overboard.com.br"":""https://www.overboard.com.br/"""
br,moda surf masculina,neoprene surf,roupa de surf masculina,camisas de neoprene para surf e esportes aquáticos,Sub page,,90,12,0.00,0.00,0,Commercial,"Image Pack, Local Pack, Site Links, Video, Image, Popular Products, Related Searches","0.28,0.34,0.28,0.43,0.34,0.43,0.28,0.21,0.28,0.28,0.28,0.34",,"""mormaiishop.com.br"":""https://www.mormaiishop.com.br/neoprene-masculino/surf""
""ripcurl.com.br"":""https://www.ripcurl.com.br/""
""hurley.com.br"":""https://hurley.com.br/collections/masculino-surf-e-praia""
""hangloose.com.br"":""https://hangloose.com.br/collections/roupas-de-surf-praia""
""centralsurf.com.br"":""https://www.centralsurf.com.br/""
""surftrip.com.br"":""https://www.surftrip.com.br/masculino""
""billabong.com.br"":""https://www.billabong.com.br/""
""wilders.com.br"":""https://wilders.com.br/""
""decathlon.com.br"":""https://www.decathlon.com.br/esportes/surf-e-bodyboard""
""lista.mercadolivre.com.br"":""https://lista.mercadolivre.com.br/roupa-de-surf""","""ripcurl.com.br"":""https://www.ripcurl.com.br/masculino""
""hurley.com.br"":""https://hurley.com.br/collections/masculino-surf-e-praia""
""surftrip.com.br"":""https://www.surftrip.com.br/masculino""
""centralsurf.com.br"":""https://www.centralsurf.com.br/""
""maresia.com.br"":""https://www.maresia.com.br/""
""centauro.com.br"":""https://www.centauro.com.br/nav/esportes/surfstandup/genero/masculino""
""hangloose.com.br"":""https://hangloose.com.br/collections/roupas-de-surf-praia""
""backwash.com.br"":""https://www.backwash.com.br/roupas/roupas-masculinas""
""mormaiishop.com.br"":""https://www.mormaiishop.com.br/neoprene-masculino/surf""
""kyw.com.br"":""https://www.kyw.com.br/masculino"""
br,traje natação feminino,roupa aquatica,roupa feminina natação,neoprene para natação e triathlon,Sub page,,210,12,0.00,0.00,0,"Informational, Commercial","Image Pack, People Also Ask, Site Links, Video, Image, Popular Products, Related Searches","0.81,0.53,0.43,0.53,1.00,0.81,0.81,0.81,0.43,0.53,0.43,0.34",,"""tudoparanatacao.com.br"":""https://www.tudoparanatacao.com.br/feminino""
""arenawaterinstinct.com.br"":""https://www.arenawaterinstinct.com.br/feminino""
""fabiolamolina.com.br"":""https://www.fabiolamolina.com.br/loja/moda-esportiva/feminino/trajes""
""tyrsport.com.br"":""https://tyrsport.com.br/collections/feminino-trajes-de-competicao-todos-os-trajes""
""arenawaterinstinct.com.br"":""https://www.arenawaterinstinct.com.br/masculino""
""lojanadebem.com.br"":""https://www.lojanadebem.com.br/trajes/""
""hammerhead.com.br"":""https://www.hammerhead.com.br/feminino""
""medinas.com.br"":""https://www.medinas.com.br/roupa-natacao-feminina""
""finisbr.com"":""https://finisbr.com/trajes/feminino/""
""arenawaterinstinct.com.br"":""https://www.arenawaterinstinct.com.br/""","""arenawaterinstinct.com.br"":""https://www.arenawaterinstinct.com.br/feminino""
""fabiolamolina.com.br"":""https://www.fabiolamolina.com.br/loja/moda-esportiva/feminino/trajes""
""tudoparanatacao.com.br"":""https://www.tudoparanatacao.com.br/feminino""
""lista.mercadolivre.com.br"":""https://lista.mercadolivre.com.br/traje-natacao-arena""
""tyrsport.com.br"":""https://tyrsport.com.br/collections/feminino-trajes-de-competicao-todos-os-trajes""
""speedo.com.br"":""https://www.speedo.com.br/feminino""
""medinas.com.br"":""https://www.medinas.com.br/roupa-natacao-feminina""
""amazon.com.br"":""https://www.amazon.com.br/traje-nata%C3%A7%C3%A3o-feminino/s?k=traje+nata%C3%A7%C3%A3o+feminino""
""arenawaterinstinct.com.br"":""https://www.arenawaterinstinct.com.br/""
""hammerhead.com.br"":""https://www.hammerhead.com.br/feminino"""
br,roupa feminina natação,neoprene para natação,roupa feminina natação,neoprene para natação e triathlon,Sub page,,590,15,0.00,0.00,0,Commercial,"Image Pack, People Also Ask, Site Links, Video, Image, Popular Products, Related Searches, AI Overview","0.55,1.00,1.00,0.67,0.55,0.30,0.30,0.06,0.10,0.36,0.36,0.30",,"""tudoparanatacao.com.br"":""https://www.tudoparanatacao.com.br/feminino""
""arenawaterinstinct.com.br"":""https://www.arenawaterinstinct.com.br/feminino""
""fabiolamolina.com.br"":""https://www.fabiolamolina.com.br/loja/moda-esportiva/feminino/trajes""
""tyrsport.com.br"":""https://tyrsport.com.br/collections/feminino-trajes-de-competicao-todos-os-trajes""
""arenawaterinstinct.com.br"":""https://www.arenawaterinstinct.com.br/masculino""
""lojanadebem.com.br"":""https://www.lojanadebem.com.br/trajes/""
""hammerhead.com.br"":""https://www.hammerhead.com.br/feminino""
""medinas.com.br"":""https://www.medinas.com.br/roupa-natacao-feminina""
""finisbr.com"":""https://finisbr.com/trajes/feminino/""
""arenawaterinstinct.com.br"":""https://www.arenawaterinstinct.com.br/""","""arenawaterinstinct.com.br"":""https://www.arenawaterinstinct.com.br/feminino""
""centauro.com.br"":""https://www.centauro.com.br/nav/esportes/natacao/genero/feminino""
""hammerhead.com.br"":""https://www.hammerhead.com.br/feminino""
""netshoes.com.br"":""https://www.netshoes.com.br/busca/roupas-natacao-feminina""
""medinas.com.br"":""https://www.medinas.com.br/roupa-natacao-feminina""
""mormaiishop.com.br"":""https://www.mormaiishop.com.br/neoprene-feminino""
""lista.mercadolivre.com.br"":""https://lista.mercadolivre.com.br/roupa-de-natacao-feminina""
""tf.com.br"":""https://www.tf.com.br/natacao-feminino""
""fila.com.br"":""https://www.fila.com.br/confeccao-natacao""
""taquion.com.br"":""https://www.taquion.com.br/natacao-feminino"""
br,traje arena feminino,roupa de nadador,roupa feminina natação,neoprene para natação e triathlon,Sub page,,260,6,0.00,0.00,0,Informational,"Image Pack, Site Links, Video, Image, Popular Products, Related Searches","0.81,1.00,0.65,0.53,0.53,0.53,1.00,0.81,1.00,0.65,0.81,0.65",,"""tudoparanatacao.com.br"":""https://www.tudoparanatacao.com.br/feminino""
""arenawaterinstinct.com.br"":""https://www.arenawaterinstinct.com.br/feminino""
""fabiolamolina.com.br"":""https://www.fabiolamolina.com.br/loja/moda-esportiva/feminino/trajes""
""tyrsport.com.br"":""https://tyrsport.com.br/collections/feminino-trajes-de-competicao-todos-os-trajes""
""arenawaterinstinct.com.br"":""https://www.arenawaterinstinct.com.br/masculino""
""lojanadebem.com.br"":""https://www.lojanadebem.com.br/trajes/""
""hammerhead.com.br"":""https://www.hammerhead.com.br/feminino""
""medinas.com.br"":""https://www.medinas.com.br/roupa-natacao-feminina""
""finisbr.com"":""https://finisbr.com/trajes/feminino/""
""arenawaterinstinct.com.br"":""https://www.arenawaterinstinct.com.br/""","""arenawaterinstinct.com.br"":""https://www.arenawaterinstinct.com.br/feminino""
""tudoparanatacao.com.br"":""https://www.tudoparanatacao.com.br/feminino""
""lista.mercadolivre.com.br"":""https://lista.mercadolivre.com.br/traje-arena-feminino""
""arenawaterinstinct.com.br"":""https://www.arenawaterinstinct.com.br/""
""amazon.com.br"":""https://www.amazon.com.br/maio-arena/s?k=maio+arena""
""rythmoon.com.br"":""https://www.rythmoon.com.br/natacao2/trajes-femininos/""
""netshoes.com.br"":""https://www.netshoes.com.br/busca/traje-arena-carbon-powerskin""
""medinas.com.br"":""https://www.medinas.com.br/traje-macaquinho-fast-feminino-arena-powerskin-st-next-ob""
""fitners.com.br"":""https://www.fitners.com.br/arena""
""lojanadebem.com.br"":""https://www.lojanadebem.com.br/trajes/arena3/"""
br,traje de natacao,roupa de natação masculino,roupa feminina natação,neoprene para natação e triathlon,Sub page,,210,4,0.00,0.00,0,"Informational, Transactional","Image Pack, Site Links, Video, Image, Popular Products, Related Searches","0.53,0.65,0.65,0.65,1.00,0.65,0.53,0.43,0.43,0.53,0.65,0.53",,"""tudoparanatacao.com.br"":""https://www.tudoparanatacao.com.br/feminino""
""arenawaterinstinct.com.br"":""https://www.arenawaterinstinct.com.br/feminino""
""fabiolamolina.com.br"":""https://www.fabiolamolina.com.br/loja/moda-esportiva/feminino/trajes""
""tyrsport.com.br"":""https://tyrsport.com.br/collections/feminino-trajes-de-competicao-todos-os-trajes""
""arenawaterinstinct.com.br"":""https://www.arenawaterinstinct.com.br/masculino""
""lojanadebem.com.br"":""https://www.lojanadebem.com.br/trajes/""
""hammerhead.com.br"":""https://www.hammerhead.com.br/feminino""
""medinas.com.br"":""https://www.medinas.com.br/roupa-natacao-feminina""
""finisbr.com"":""https://finisbr.com/trajes/feminino/""
""arenawaterinstinct.com.br"":""https://www.arenawaterinstinct.com.br/""","""arenawaterinstinct.com.br"":""https://www.arenawaterinstinct.com.br/masculino""
""fabiolamolina.com.br"":""https://www.fabiolamolina.com.br/loja/moda-esportiva/feminino/trajes""
""tudoparanatacao.com.br"":""https://www.tudoparanatacao.com.br/feminino""
""lojanadebem.com.br"":""https://www.lojanadebem.com.br/trajes/""
""tyrsport.com.br"":""https://tyrsport.com.br/collections/feminino-trajes-de-competicao-todos-os-trajes""
""finisbr.com"":""https://finisbr.com/trajes/feminino/""
""lista.mercadolivre.com.br"":""https://lista.mercadolivre.com.br/traje-natacao-arena-masculino""
""olx.com.br"":""https://www.olx.com.br/anuncios/traje-natacao""
""rythmoon.com.br"":""https://www.rythmoon.com.br/esportes-e-fitness/esportes-aquaticos/natacao/traje/""
""medinas.com.br"":""https://www.medinas.com.br/roupa-natacao-masculina"""
br,traje de natação,roupa de natação masculino,roupa feminina natação,neoprene para natação e triathlon,Sub page,,210,5,0.00,0.00,0,"Informational, Commercial","Image Pack, Site Links, Video, Image, Popular Products, Related Searches","0.43,0.35,0.35,0.43,0.35,0.43,0.35,0.43,0.35,0.35,0.43,0.43",,"""tudoparanatacao.com.br"":""https://www.tudoparanatacao.com.br/feminino""
""arenawaterinstinct.com.br"":""https://www.arenawaterinstinct.com.br/feminino""
""fabiolamolina.com.br"":""https://www.fabiolamolina.com.br/loja/moda-esportiva/feminino/trajes""
""tyrsport.com.br"":""https://tyrsport.com.br/collections/feminino-trajes-de-competicao-todos-os-trajes""
""arenawaterinstinct.com.br"":""https://www.arenawaterinstinct.com.br/masculino""
""lojanadebem.com.br"":""https://www.lojanadebem.com.br/trajes/""
""hammerhead.com.br"":""https://www.hammerhead.com.br/feminino""
""medinas.com.br"":""https://www.medinas.com.br/roupa-natacao-feminina""
""finisbr.com"":""https://finisbr.com/trajes/feminino/""
""arenawaterinstinct.com.br"":""https://www.arenawaterinstinct.com.br/""","""arenawaterinstinct.com.br"":""https://www.arenawaterinstinct.com.br/masculino""
""fabiolamolina.com.br"":""https://www.fabiolamolina.com.br/loja/moda-esportiva/feminino/trajes""
""tudoparanatacao.com.br"":""https://www.tudoparanatacao.com.br/feminino""
""lojanadebem.com.br"":""https://www.lojanadebem.com.br/trajes/""
""finisbr.com"":""https://finisbr.com/trajes/feminino/""
""lista.mercadolivre.com.br"":""https://lista.mercadolivre.com.br/traje-natacao-arena""
""tyrsport.com.br"":""https://tyrsport.com.br/collections/feminino-trajes-de-competicao-todos-os-trajes""
""medinas.com.br"":""https://www.medinas.com.br/dicas/traje-de-natacao-saiba-como-escolher-sua-roupa-para-treinar/""
""blog.arenawaterinstinct.com.br"":""https://blog.arenawaterinstinct.com.br/trajes-de-natacao-escolhendo-o-equipamento-ideal-para-treino-e-competicao/""
""olx.com.br"":""https://www.olx.com.br/anuncios/traje-natacao"""
br,roupa de natacao feminina,neoprene para natação,roupa feminina natação,neoprene para natação e triathlon,Sub page,,170,10,0.00,0.00,0,"Informational, Commercial","Image Pack, People Also Ask, Site Links, Video, Image, Popular Products, Related Searches","0.09,0.09,0.23,0.06,0.15,0.36,0.19,0.19,0.36,0.19,0.29,0.44",,"""tudoparanatacao.com.br"":""https://www.tudoparanatacao.com.br/feminino""
""arenawaterinstinct.com.br"":""https://www.arenawaterinstinct.com.br/feminino""
""fabiolamolina.com.br"":""https://www.fabiolamolina.com.br/loja/moda-esportiva/feminino/trajes""
""tyrsport.com.br"":""https://tyrsport.com.br/collections/feminino-trajes-de-competicao-todos-os-trajes""
""arenawaterinstinct.com.br"":""https://www.arenawaterinstinct.com.br/masculino""
""lojanadebem.com.br"":""https://www.lojanadebem.com.br/trajes/""
""hammerhead.com.br"":""https://www.hammerhead.com.br/feminino""
""medinas.com.br"":""https://www.medinas.com.br/roupa-natacao-feminina""
""finisbr.com"":""https://finisbr.com/trajes/feminino/""
""arenawaterinstinct.com.br"":""https://www.arenawaterinstinct.com.br/""","""centauro.com.br"":""https://www.centauro.com.br/nav/esportes/natacao/genero/feminino""
""arenawaterinstinct.com.br"":""https://www.arenawaterinstinct.com.br/feminino""
""hammerhead.com.br"":""https://www.hammerhead.com.br/feminino""
""tf.com.br"":""https://www.tf.com.br/natacao-feminino""
""medinas.com.br"":""https://www.medinas.com.br/roupa-natacao-feminina""
""mormaiishop.com.br"":""https://www.mormaiishop.com.br/neoprene-feminino""
""lista.mercadolivre.com.br"":""https://lista.mercadolivre.com.br/roupa-de-natacao-feminina""
""woom.com.br"":""https://www.woom.com.br/feminino/natacao""
""lojaoutside.com.br"":""https://www.lojaoutside.com.br/cadastro/roupa-neoprene-natacao-smootskin-feminina-emborrachada-2-2-competition""
""lsport.com.br"":""https://www.lsport.com.br/feminino/esportes/natacao"""
br,traje para natação,roupa de natação masculino,roupa feminina natação,neoprene para natação e triathlon,Sub page,,140,4,0.00,0.00,0,Informational,"Image Pack, Video Carousel, Site Links, Video, Image, Popular Products, Related Searches","0.35,0.35,0.23,0.28,0.35,0.28,0.43,0.43,0.35,0.23,0.28,0.28",,"""tudoparanatacao.com.br"":""https://www.tudoparanatacao.com.br/feminino""
""arenawaterinstinct.com.br"":""https://www.arenawaterinstinct.com.br/feminino""
""fabiolamolina.com.br"":""https://www.fabiolamolina.com.br/loja/moda-esportiva/feminino/trajes""
""tyrsport.com.br"":""https://tyrsport.com.br/collections/feminino-trajes-de-competicao-todos-os-trajes""
""arenawaterinstinct.com.br"":""https://www.arenawaterinstinct.com.br/masculino""
""lojanadebem.com.br"":""https://www.lojanadebem.com.br/trajes/""
""hammerhead.com.br"":""https://www.hammerhead.com.br/feminino""
""medinas.com.br"":""https://www.medinas.com.br/roupa-natacao-feminina""
""finisbr.com"":""https://finisbr.com/trajes/feminino/""
""arenawaterinstinct.com.br"":""https://www.arenawaterinstinct.com.br/""","""arenawaterinstinct.com.br"":""https://www.arenawaterinstinct.com.br/masculino""
""fabiolamolina.com.br"":""https://www.fabiolamolina.com.br/loja/moda-esportiva/feminino/trajes""
""lojanadebem.com.br"":""https://www.lojanadebem.com.br/trajes/""
""tyrsport.com.br"":""https://tyrsport.com.br/collections/feminino-trajes-de-competicao-todos-os-trajes""
""medinas.com.br"":""https://www.medinas.com.br/roupa-natacao-masculina""
""arenawaterinstinct.com.br"":""https://www.arenawaterinstinct.com.br/""
""tudoparanatacao.com.br"":""https://www.tudoparanatacao.com.br/feminino""
""finisbr.com"":""https://finisbr.com/trajes/feminino/""
""lista.mercadolivre.com.br"":""https://lista.mercadolivre.com.br/traje-natacao-carbono""
""lista.mercadolivre.com.br"":""https://lista.mercadolivre.com.br/traje-natacao-carbono"""
br,roupas de piscina masculino,roupa de natação masculino,roupas de piscina masculino,camisas de neoprene para surf e esportes aquáticos,Sub page,,140,20,0.00,0.00,0,Commercial,"Image Pack, People Also Ask, Site Links, Video, Image, Popular Products, Related Searches","1.00,0.80,0.42,0.42,0.26,0.34,0.03,0.26,0.34,0.53,0.65,0.80",,"""mash.com.br"":""https://www.mash.com.br/moda-praia""
""centauro.com.br"":""https://www.centauro.com.br/nav/esportes/natacao/genero/masculino""
""lista.mercadolivre.com.br"":""https://lista.mercadolivre.com.br/piscina-roupas-masculinas""
""arenawaterinstinct.com.br"":""https://www.arenawaterinstinct.com.br/masculino""
""cea.com.br"":""https://www.cea.com.br/moda-masculina/moda-praia""
""shopee.com.br"":""https://shopee.com.br/search?keyword=roupa%20de%20banho%20masculina""
""amazon.com.br"":""https://www.amazon.com.br/roupa-de-praia-masculino/s?k=roupa+de+praia+masculino""
""calvinklein.com.br"":""https://www.calvinklein.com.br/masculino/roupas/sungas---bermudas-agua""
""puket.com.br"":""https://www.puket.com.br/moda-praia/moda-praia-para-menino""
""lista.mercadolivre.com.br"":""https://lista.mercadolivre.com.br/roupa-piscina-menino""","""mash.com.br"":""https://www.mash.com.br/moda-praia""
""centauro.com.br"":""https://www.centauro.com.br/nav/esportes/natacao/genero/masculino""
""arenawaterinstinct.com.br"":""https://www.arenawaterinstinct.com.br/masculino""
""lista.mercadolivre.com.br"":""https://lista.mercadolivre.com.br/piscina-roupas-masculinas""
""calvinklein.com.br"":""https://www.calvinklein.com.br/masculino/roupas/sungas---bermudas-agua""
""cea.com.br"":""https://www.cea.com.br/moda-masculina/moda-praia""
""puket.com.br"":""https://www.puket.com.br/moda-praia/moda-praia-para-menino""
""shopee.com.br"":""https://shopee.com.br/search?keyword=roupa%20de%20banho%20masculina""
""amazon.com.br"":""https://www.amazon.com.br/roupa-de-praia-masculino/s?k=roupa+de+praia+masculino""
""br.pinterest.com"":""https://br.pinterest.com/itboy_/moda-praia-masculina/"""
br,roupa para piscina masculino,roupa de natação masculino,roupas de piscina masculino,camisas de neoprene para surf e esportes aquáticos,Sub page,,140,22,0.00,0.00,0,"Informational, Commercial","Image Pack, People Also Ask, Site Links, Video, Image, Popular Products, Related Searches","0.81,0.65,0.43,0.34,0.28,0.15,0.15,0.21,0.34,0.34,0.53,0.65",,"""mash.com.br"":""https://www.mash.com.br/moda-praia""
""centauro.com.br"":""https://www.centauro.com.br/nav/esportes/natacao/genero/masculino""
""lista.mercadolivre.com.br"":""https://lista.mercadolivre.com.br/piscina-roupas-masculinas""
""arenawaterinstinct.com.br"":""https://www.arenawaterinstinct.com.br/masculino""
""cea.com.br"":""https://www.cea.com.br/moda-masculina/moda-praia""
""shopee.com.br"":""https://shopee.com.br/search?keyword=roupa%20de%20banho%20masculina""
""amazon.com.br"":""https://www.amazon.com.br/roupa-de-praia-masculino/s?k=roupa+de+praia+masculino""
""calvinklein.com.br"":""https://www.calvinklein.com.br/masculino/roupas/sungas---bermudas-agua""
""puket.com.br"":""https://www.puket.com.br/moda-praia/moda-praia-para-menino""
""lista.mercadolivre.com.br"":""https://lista.mercadolivre.com.br/roupa-piscina-menino""","""mash.com.br"":""https://www.mash.com.br/moda-praia""
""centauro.com.br"":""https://www.centauro.com.br/nav/esportes/natacao/genero/masculino""
""lista.mercadolivre.com.br"":""https://lista.mercadolivre.com.br/piscina-roupas-masculinas""
""arenawaterinstinct.com.br"":""https://www.arenawaterinstinct.com.br/masculino""
""shopee.com.br"":""https://shopee.com.br/search?keyword=roupa%20de%20banho%20masculina""
""cea.com.br"":""https://www.cea.com.br/moda-masculina/moda-praia""
""amazon.com.br"":""https://www.amazon.com.br/roupa-de-praia-masculino/s?k=roupa+de+praia+masculino""
""lista.mercadolivre.com.br"":""https://lista.mercadolivre.com.br/roupa-piscina-menino""
""blueman.com.br"":""https://www.blueman.com.br/shop/masculino""
""br.pinterest.com"":""https://br.pinterest.com/ideas/roupas-de-piscina-masculino/905354605105/"""
br,roupa termica natação,wetsuit masculino,roupa termica natação,neoprene para natação e triathlon,Sub page,,170,26,0.00,0.00,0,Commercial,"Image Pack, People Also Ask, Site Links, Video, Image, Popular Products, Related Searches","0.43,0.34,0.34,0.53,1.00,0.81,0.81,0.65,0.53,0.43,0.43,0.28",,"""lista.mercadolivre.com.br"":""https://lista.mercadolivre.com.br/roupa-termica-natacao""
""finisbr.com"":""https://finisbr.com/produtos/thermal-shirt-roupa-termica/""
""netshoes.com.br"":""https://www.netshoes.com.br/busca/natacao-roupa-termica""
""lojaoutside.com.br"":""https://www.lojaoutside.com.br/natacao/wetsuits""
""amazon.com.br"":""https://www.amazon.com.br/gp/bestsellers/sports/23457060011""
""planetabola.com.br"":""https://www.planetabola.com.br/roupas-masculinas/roupas-termicas/""
""enjoei.com.br"":""https://www.enjoei.com.br/roupa-de-natacao-termica/s?q=roupa+de+natacao+termica""
""centauro.com.br"":""https://www.centauro.com.br/nav/produto/camisatermica/produto/kitdenatacao""
""youtube.com"":""https://www.youtube.com/watch?v=ja4lOoUk_aQ""
""lista.mercadolivre.com.br"":""https://lista.mercadolivre.com.br/roupa-termica-natacao-masculina""","""lista.mercadolivre.com.br"":""https://lista.mercadolivre.com.br/roupa-termica-natacao""
""netshoes.com.br"":""https://www.netshoes.com.br/busca/natacao-roupa-termica""
""finisbr.com"":""https://finisbr.com/produtos/thermal-shirt-roupa-termica/""
""centauro.com.br"":""https://www.centauro.com.br/nav/produto/camisatermica/produto/kitdenatacao""
""lojaoutside.com.br"":""https://www.lojaoutside.com.br/natacao/wetsuits""
""lista.mercadolivre.com.br"":""https://lista.mercadolivre.com.br/roupa-termica-natacao-masculina""
""planetabola.com.br"":""https://www.planetabola.com.br/roupas-masculinas/roupas-termicas/""
""amazon.com.br"":""https://www.amazon.com.br/gp/bestsellers/sports/23457060011""
""enjoei.com.br"":""https://www.enjoei.com.br/roupa-de-natacao-termica/s?q=roupa+de+natacao+termica""
""enjoei.com.br"":""https://www.enjoei.com.br/roupa-de-natacao-termica/s?q=roupa+de+natacao+termica"""
br,roupa termica para natação,roupa de borracha natação,roupa termica natação,neoprene para natação e triathlon,Sub page,,170,26,0.00,0.00,0,"Informational, Commercial","Image Pack, Site Links, Video, Image, Popular Products, Related Searches","0.28,0.23,0.23,0.18,0.18,0.15,0.35,0.35,0.35,0.44,0.44,0.23",,"""lista.mercadolivre.com.br"":""https://lista.mercadolivre.com.br/roupa-termica-natacao""
""finisbr.com"":""https://finisbr.com/produtos/thermal-shirt-roupa-termica/""
""netshoes.com.br"":""https://www.netshoes.com.br/busca/natacao-roupa-termica""
""lojaoutside.com.br"":""https://www.lojaoutside.com.br/natacao/wetsuits""
""amazon.com.br"":""https://www.amazon.com.br/gp/bestsellers/sports/23457060011""
""planetabola.com.br"":""https://www.planetabola.com.br/roupas-masculinas/roupas-termicas/""
""enjoei.com.br"":""https://www.enjoei.com.br/roupa-de-natacao-termica/s?q=roupa+de+natacao+termica""
""centauro.com.br"":""https://www.centauro.com.br/nav/produto/camisatermica/produto/kitdenatacao""
""youtube.com"":""https://www.youtube.com/watch?v=ja4lOoUk_aQ""
""lista.mercadolivre.com.br"":""https://lista.mercadolivre.com.br/roupa-termica-natacao-masculina""","""lista.mercadolivre.com.br"":""https://lista.mercadolivre.com.br/roupa-termica-natacao""
""finisbr.com"":""https://finisbr.com/produtos/thermal-shirt-roupa-termica/""
""lojaoutside.com.br"":""https://www.lojaoutside.com.br/natacao/wetsuits""
""netshoes.com.br"":""https://www.netshoes.com.br/busca/natacao-roupa-termica""
""youtube.com"":""https://www.youtube.com/watch?v=ja4lOoUk_aQ""
""amazon.com.br"":""https://www.amazon.com.br/gp/bestsellers/sports/23457060011""
""roupastermicas.com.br"":""https://www.roupastermicas.com.br/""
""planetabola.com.br"":""https://www.planetabola.com.br/roupas-masculinas/roupas-termicas/""
""shopee.com.br"":""https://shopee.com.br/list/Blusa/T%C3%A9rmica/Infantil%20Piscina""
""magazineluiza.com.br"":""https://www.magazineluiza.com.br/busca/roupa+termica+para+natacao+infantil/"""
br,surf neoprene suit,wetsuit masculino,wetsuit wet,camisas de neoprene para surf e esportes aquáticos,Sub page,,110,11,0.00,0.00,0,Commercial,"Video Carousel, People Also Ask, Site Links, Video, Popular Products, Related Searches","0.04,0.66,0.54,0.14,0.04,0.04,1.00,0.04,0.04,0.04,0.04,0.04",,"""mormaiishop.com.br"":""https://www.mormaiishop.com.br/neoprene-masculino/surf""
""hurley.com.br"":""https://hurley.com.br/collections/wetsuits""
""onlysurf.com.br"":""https://www.onlysurf.com.br/wetsuit-long-john-short-sleeve-neoprene-lycra-roupa-borracha-surf""
""ripcurl.com.br"":""https://www.ripcurl.com.br/wetsuits""
""decathlon.com.br"":""https://www.decathlon.com.br/roupas/conjunto/neoprenes""
""boardspoint.com.br"":""https://www.boardspoint.com.br/acessorio-para-surf/wetsuit-roupa-de-borracha-para-surf/""
""netshoes.com.br"":""https://www.netshoes.com.br/surf/wetsuits""
""orca.com"":""https://www.orca.com/en-int/m/surf""
""aquon.com.br"":""https://www.aquon.com.br/wetsuits/""
""ripcurl.com.br"":""https://www.ripcurl.com.br/maio-classic-surf-surf-suit-importado-19fwrv0090-p1311749""","""mormaiishop.com.br"":""https://www.mormaiishop.com.br/neoprene-masculino/surf""
""hurley.com.br"":""https://hurley.com.br/collections/wetsuits""
""decathlon.com.br"":""https://www.decathlon.com.br/roupas/conjunto/neoprenes""
""boardspoint.com.br"":""https://www.boardspoint.com.br/acessorio-para-surf/wetsuit-roupa-de-borracha-para-surf/""
""ripcurl.com.br"":""https://www.ripcurl.com.br/wetsuits""
""onlysurf.com.br"":""https://www.onlysurf.com.br/wetsuit-long-john-short-sleeve-neoprene-lycra-roupa-borracha-surf""
""mercadolivre.com.br"":""https://www.mercadolivre.com.br/surfing-diving-suit-3mm-neoprene-wetsuit-uv-protection-full/p/MLB2003594403""
""netshoes.com.br"":""https://www.netshoes.com.br/surf/wetsuits""
""orca.com"":""https://www.orca.com/en-int/m/surf""
""deuscustoms.com.br"":""https://www.deuscustoms.com.br/collections/wetsuits-masculinos"""
br,wetsuit wet,wetsuit masculino,wetsuit wet,camisas de neoprene para surf e esportes aquáticos,Sub page,,1600,14,0.00,0.00,0,Commercial,"People Also Ask, Site Links, Video, Popular Products, Related Searches, AI Overview","0.55,0.44,0.55,0.55,0.55,0.55,0.44,0.44,0.44,0.55,0.55,0.55",,"""mormaiishop.com.br"":""https://www.mormaiishop.com.br/neoprene-masculino/surf""
""hurley.com.br"":""https://hurley.com.br/collections/wetsuits""
""onlysurf.com.br"":""https://www.onlysurf.com.br/wetsuit-long-john-short-sleeve-neoprene-lycra-roupa-borracha-surf""
""ripcurl.com.br"":""https://www.ripcurl.com.br/wetsuits""
""decathlon.com.br"":""https://www.decathlon.com.br/roupas/conjunto/neoprenes""
""boardspoint.com.br"":""https://www.boardspoint.com.br/acessorio-para-surf/wetsuit-roupa-de-borracha-para-surf/""
""netshoes.com.br"":""https://www.netshoes.com.br/surf/wetsuits""
""orca.com"":""https://www.orca.com/en-int/m/surf""
""aquon.com.br"":""https://www.aquon.com.br/wetsuits/""
""ripcurl.com.br"":""https://www.ripcurl.com.br/maio-classic-surf-surf-suit-importado-19fwrv0090-p1311749""","""aquon.com.br"":""https://www.aquon.com.br/wetsuits/""
""ripcurl.com.br"":""https://www.ripcurl.com.br/wetsuits""
""lista.mercadolivre.com.br"":""https://lista.mercadolivre.com.br/wetsuit""
""hurley.com.br"":""https://hurley.com.br/collections/wetsuits""
""wetdreams.com.br"":""https://www.wetdreams.com.br/wetsuit-bag-saco-estanque""
""wetnwild.com.br"":""https://wetnwild.com.br/""
""lojaoutside.com.br"":""https://www.lojaoutside.com.br/natacao/wetsuits""
""reddit.com"":""https://www.reddit.com/r/surfing/comments/19aqafp/wet_wetsuit/""
""netshoes.com.br"":""https://www.netshoes.com.br/surf/wetsuits""
""en.wikipedia.org"":""https://en.wikipedia.org/wiki/Wetsuit"""
br,neoprene surf,camiseta neoprene,wetsuit wet,camisas de neoprene para surf e esportes aquáticos,Sub page,,140,11,0.00,0.00,0,"Informational, Commercial","People Also Ask, Site Links, Video, Image, Popular Products, Related Searches","0.23,0.18,0.28,0.28,0.35,0.18,0.23,0.28,0.28,0.28,0.28,0.18",,"""mormaiishop.com.br"":""https://www.mormaiishop.com.br/neoprene-masculino/surf""
""hurley.com.br"":""https://hurley.com.br/collections/wetsuits""
""onlysurf.com.br"":""https://www.onlysurf.com.br/wetsuit-long-john-short-sleeve-neoprene-lycra-roupa-borracha-surf""
""ripcurl.com.br"":""https://www.ripcurl.com.br/wetsuits""
""decathlon.com.br"":""https://www.decathlon.com.br/roupas/conjunto/neoprenes""
""boardspoint.com.br"":""https://www.boardspoint.com.br/acessorio-para-surf/wetsuit-roupa-de-borracha-para-surf/""
""netshoes.com.br"":""https://www.netshoes.com.br/surf/wetsuits""
""orca.com"":""https://www.orca.com/en-int/m/surf""
""aquon.com.br"":""https://www.aquon.com.br/wetsuits/""
""ripcurl.com.br"":""https://www.ripcurl.com.br/maio-classic-surf-surf-suit-importado-19fwrv0090-p1311749""","""mormaiishop.com.br"":""https://www.mormaiishop.com.br/neoprene-masculino/surf""
""onlysurf.com.br"":""https://www.onlysurf.com.br/wetsuit-long-john-short-sleeve-neoprene-lycra-roupa-borracha-surf""
""ripcurl.com.br"":""https://www.ripcurl.com.br/masculino/roupas-de-borracha""
""decathlon.com.br"":""https://www.decathlon.com.br/roupas/conjunto/neoprenes""
""lista.mercadolivre.com.br"":""https://lista.mercadolivre.com.br/roupa-neoprene-surf-masculina""
""hurley.com.br"":""https://hurley.com.br/collections/wetsuits-masculinos""
""hurley.com.br"":""https://hurley.com.br/collections/jaqueta-neoprene-masculina""
""freesurf.com.br"":""https://freesurf.com.br/esporte/surf/roupas-de-borracha/c""
""starpoint.com.br"":""https://www.starpoint.com.br/surf/roupas-de-borracha""
""lojaoutside.com.br"":""https://www.lojaoutside.com.br/neoprene-surf"""
br,surf suit,roupa de borracha para surf,wetsuit wet,camisas de neoprene para surf e esportes aquáticos,Sub page,,140,12,0.00,0.00,0,Commercial,"People Also Ask, Site Links, Video, Image, Popular Products, Related Searches","0.33,0.80,0.52,0.52,0.52,0.80,1.00,0.80,1.00,1.00,0.09,0.09",,"""mormaiishop.com.br"":""https://www.mormaiishop.com.br/neoprene-masculino/surf""
""hurley.com.br"":""https://hurley.com.br/collections/wetsuits""
""onlysurf.com.br"":""https://www.onlysurf.com.br/wetsuit-long-john-short-sleeve-neoprene-lycra-roupa-borracha-surf""
""ripcurl.com.br"":""https://www.ripcurl.com.br/wetsuits""
""decathlon.com.br"":""https://www.decathlon.com.br/roupas/conjunto/neoprenes""
""boardspoint.com.br"":""https://www.boardspoint.com.br/acessorio-para-surf/wetsuit-roupa-de-borracha-para-surf/""
""netshoes.com.br"":""https://www.netshoes.com.br/surf/wetsuits""
""orca.com"":""https://www.orca.com/en-int/m/surf""
""aquon.com.br"":""https://www.aquon.com.br/wetsuits/""
""ripcurl.com.br"":""https://www.ripcurl.com.br/maio-classic-surf-surf-suit-importado-19fwrv0090-p1311749""","""hurley.com.br"":""https://hurley.com.br/collections/wetsuits""
""ripcurl.com.br"":""https://www.ripcurl.com.br/maio-classic-surf-surf-suit-importado-19fwrv0090-p1311749""
""mormaiishop.com.br"":""https://www.mormaiishop.com.br/neoprene-masculino/surf""
""onlysurf.com.br"":""https://www.onlysurf.com.br/wetsuit-long-john-short-sleeve-neoprene-lycra-roupa-borracha-surf""
""truzz.com"":""https://www.truzz.com/""
""ripcurl.com.br"":""https://www.ripcurl.com.br/wetsuits""
""netshoes.com.br"":""https://www.netshoes.com.br/surf/wetsuits/masculino""
""orca.com"":""https://www.orca.com/en-int/m/surf""
""boardspoint.com.br"":""https://www.boardspoint.com.br/acessorio-para-surf/wetsuit-roupa-de-borracha-para-surf/""
""lista.mercadolivre.com.br"":""https://lista.mercadolivre.com.br/wetsuit-surf"""
br,bermuda de neoprene,,,,,,90,7,0.09,1.00,189,Commercial,"Site Links, People Also Ask, Short Videos, Image Pack, Video, Image, Video Carousel, Popular Products, Related Searches","0.42,0.33,0.33,0.42,0.42,0.42,0.33,0.42,0.52,0.42,0.42,0.42",20,,
br,bermuda de neoprene masculina,,,,,,20,0,0.08,1.00,,,,"1.00,1.00,1.00,1.00,1.00,1.00,1.00,1.00,0.00,1.00,1.00,1.00",,,
br,bermuda de neoprene para surf,,,,,,20,0,0.09,1.00,,,,"0.50,0.50,0.50,0.50,0.50,0.50,0.50,0.50,0.50,0.50,0.50,0.50",,,
br,bermuda neoprene,,,,,,210,7,0.11,1.00,211,Informational,"Related Searches, Image Pack, Site Links, Video, Image, Video Carousel, People Also Ask, Popular Products","0.35,0.23,0.23,0.35,0.28,0.23,0.35,0.28,0.44,0.44,0.28,0.35",20,,
br,bermuda neoprene masculino,,,,,,0,0,0.00,0.00,,,,"0.00,0.00,0.00,0.00,0.00,0.00,0.00,0.00,0.00,0.00,0.00,0.00",,,
br,bermuda neoprene surf,,,,,,20,0,0.14,1.00,,,,"0.11,0.11,0.11,0.11,0.11,0.11,0.11,0.11,0.11,0.11,0.11,0.11",,,
br,bermuda para aguas abertas,,,,,,,,,,,,,,,,
br,bermuda para remada,,,,,,,,,,,,,,,,
br,bermuda surf neoprene,,,,,,20,0,0.08,1.00,,,,"0.50,0.50,0.50,0.50,0.50,0.50,0.50,0.50,0.50,0.50,0.50,0.50",,,
br,bermuda termica para agua,,,,,,,,,,,,,,,,
br,bermuda termica surf,,,,,,,,,,,,,,,,
br,bermuda use zero hora,,,,,,,,,,,,,,,,
br,blusa de neoprene,,,,,,90,19,0.09,1.00,239,Commercial,"Image Pack, Site Links, Video, Image, People Also Ask, Popular Products, Related Searches","0.53,0.43,0.34,0.28,0.15,0.28,0.21,0.21,0.21,0.15,0.15,0.21",20,,
br,blusa de neoprene feminina,,,,,,40,0,0.08,1.00,,,,"0.29,0.29,0.41,0.29,0.17,0.17,0.23,0.17,0.17,0.17,0.17,0.11",,,
br,blusa neoprene surf,,,,,,20,0,0.07,1.00,,,,"0.66,0.66,0.66,0.66,0.66,0.66,0.66,0.66,0.66,0.66,0.66,0.66",,,
br,blusa para agua fria,,,,,,,,,,,,,,,,
br,bota aquatica,,,,,,140,23,0.04,1.00,235,"Informational, Commercial","Site Links, Video, Image, Video Carousel, People Also Ask, Popular Products, Related Searches, Image Pack","0.53,0.53,0.42,0.53,0.42,0.42,0.34,0.53,0.65,0.53,0.53,0.65",20,,
br,bota de neoprene,,,,,,170,8,0.04,0.99,208,"Informational, Commercial","Site Links, Video, Image, People Also Ask, Popular Products, Related Searches, Image Pack","0.36,0.54,0.44,0.19,0.15,0.19,0.15,0.19,0.19,0.15,0.15,0.29",20,,
br,bota de surf,,,,,,30,0,0.08,1.00,,,,"0.57,0.71,0.71,0.42,0.28,0.14,0.14,0.42,0.57,0.14,0.28,0.28",,,
br,bota para surf,,,,,,20,0,0.03,1.00,,,,"0.14,0.14,0.14,0.14,0.14,0.14,0.14,0.14,0.14,0.14,0.14,0.14",,,
br,botinha aquatica,,,,,,,,,,,,,,,,
br,botinha de neoprene,,,,,,210,7,0.05,1.00,194,"Informational, Commercial","People Also Ask, Popular Products, Related Searches, Image Pack, Site Links, Video","0.54,1.00,0.54,0.43,0.29,0.29,0.29,0.22,0.29,0.29,0.29,0.43",20,,
br,botinha de surf,,,,,,30,0,0.07,0.96,,,,"0.05,0.06,0.06,0.06,0.02,0.04,0.02,0.02,0.04,0.02,0.02,0.02",,,
br,calcado aquatico,,,,,,70,0,0.06,1.00,,,,"0.52,0.52,0.64,0.41,0.41,0.52,0.41,0.41,0.52,0.29,0.41,0.52",,,
br,calcado para agua,,,,,,20,0,0.04,0.99,,,,"0.66,0.66,0.66,0.00,0.66,0.66,0.66,0.66,0.66,0.66,0.66,0.66",,,
br,calcado para esportes aquaticos,,,,,,,,,,,,,,,,
br,calcado para praia,,,,,,20,0,0.07,1.00,,,,"0.07,0.07,0.14,0.14,0.14,0.14,0.28,0.35,0.28,0.07,0.07,0.28",,,
br,camisa de neoprene,,,,,,90,17,0.07,1.00,190,"Informational, Commercial","Video, Image, People Also Ask, Popular Products, Related Searches, Image Pack, Site Links","0.28,0.34,0.21,0.34,0.21,0.28,0.21,0.28,0.34,0.21,0.28,0.28",20,,
br,camisa neoprene manga curta,,,,,,20,0,0.00,1.00,,,,"0.18,0.18,0.18,0.18,0.18,0.18,0.18,0.18,0.18,0.18,0.18,0.18",,,
br,camisa neoprene manga longa,,,,,,20,0,0.09,1.00,,,,"0.18,0.18,0.18,0.18,0.18,0.18,0.18,0.18,0.18,0.18,0.18,0.18",,,
br,camisa neoprene surf,,,,,,140,12,0.11,1.00,190,Commercial,"Site Links, Video, Popular Products, Related Searches, Image Pack","0.35,0.29,0.22,0.22,0.22,0.29,0.29,0.43,0.43,0.29,0.29,0.43",20,,
br,camisa termica para agua,,,,,,20,0,0.04,0.92,,,,"0.22,0.22,0.22,0.22,0.22,0.22,0.22,0.22,0.22,0.22,0.22,0.22",,,
br,camisa termica para surf,,,,,,20,0,0.00,1.00,,,,"0.11,0.11,0.11,0.11,0.11,0.11,0.11,0.11,0.11,0.11,0.11,0.11",,,
br,camiseta com neoprene e uv,,,,,,,,,,,,,,,,
br,camiseta de neoprene,,,,,,70,0,0.06,1.00,,,,"1.00,0.33,0.42,0.33,0.23,0.52,0.14,0.14,0.23,0.19,0.52,0.14",,,
br,camiseta neoprene 1.5mm,,,,,,0,0,0.00,0.00,,,,"0.00,0.00,0.00,0.00,0.00,0.00,0.00,0.00,0.00,0.00,0.00,0.00",,,
br,camiseta neoprene feminina,,,,,,70,0,0.07,1.00,,,,"0.52,0.66,0.42,0.19,0.19,0.33,0.33,0.23,0.33,0.23,0.23,0.33",,,
br,camiseta neoprene manga curta,,,,,,20,0,0.06,1.00,,,,"1.00,1.00,1.00,1.00,1.00,1.00,1.00,1.00,1.00,1.00,1.00,1.00",,,
br,camiseta neoprene masculina,,,,,,70,0,0.09,1.00,,,,"0.42,0.26,0.26,0.19,0.26,0.26,0.26,0.26,0.26,0.19,0.19,0.26",,,
br,camiseta neoprene surf,,,,,,90,18,0.09,1.00,196,"Informational, Commercial","Image Pack, Site Links, Video, Popular Products","0.15,0.42,0.26,0.07,0.26,0.26,0.19,0.26,0.11,0.03,0.03,0.11",20,,
br,camiseta neoprene use zero hora,,,,,,,,,,,,,,,,
br,camiseta para agua fria,,,,,,,,,,,,,,,,
br,camiseta termica para agua fria,,,,,,,,,,,,,,,,
br,camiseta termica para surf,,,,,,0,0,0.00,0.00,,,,"0.00,0.00,0.00,0.00,0.00,0.00,0.00,0.00,0.00,0.00,0.00,0.00",,,
br,camiseta termica surf,,,,,,10,0,0.07,1.00,,,,"0.18,0.00,0.18,0.00,0.00,0.00,0.00,0.18,0.18,0.18,0.18,0.18",,,
br,comprar roupa de neoprene,,,,,,20,0,0.00,0.86,,,,"0.22,0.22,0.22,0.22,0.22,0.22,0.22,0.22,0.22,0.22,0.22,0.22",,,
br,conjunto de neoprene,,,,,,20,0,0.00,0.98,,,,"0.50,0.50,0.50,0.50,0.50,0.50,0.50,0.50,0.50,0.50,0.50,0.50",,,
br,conjunto neoprene,,,,,,50,0,0.06,0.97,,,,"0.18,0.22,0.14,0.14,0.10,0.10,0.08,0.04,0.04,0.04,0.04,0.08",,,
br,kit neoprene,,,,,,20,0,0.00,0.14,,,,"0.50,0.50,0.50,0.50,0.50,0.50,0.00,0.50,0.50,0.50,0.50,0.50",,,
br,loja de roupa de neoprene,,,,,,,,,,,,,,,,
br,meia aquatica,,,,,,260,24,0.03,1.00,106000,Commercial,"Image Pack, Site Links, Video, Image, People Also Ask, Popular Products, Related Searches","0.44,0.35,0.35,0.44,0.28,0.35,0.54,0.66,0.54,0.28,0.35,0.44",20,,
br,meia de neoprene,,,,,,320,7,0.05,1.00,171,"Informational, Commercial","Image, People Also Ask, Popular Products, Related Searches, Image Pack, Site Links, Video","0.44,0.54,0.54,0.36,0.23,0.23,0.29,0.36,0.44,0.29,0.29,0.36",20,,
br,meia de surf,,,,,,0,0,0.14,0.97,,,,"0.00,0.00,0.50,0.50,0.00,0.00,0.00,0.00,0.50,0.50,0.00,0.00",,,
br,meia neoprene,,,,,,390,12,0.07,1.00,211,Informational,"AI Overview, Image Pack, Site Links, Video, Image, People Also Ask, Popular Products, Related Searches","0.36,0.45,0.45,0.24,0.16,0.16,0.16,0.20,0.24,0.16,0.24,0.24",20,,
br,meia para surf,,,,,,0,0,0.00,0.00,,,,"0.00,0.00,0.00,0.00,0.00,0.00,0.00,0.00,0.00,0.00,0.00,0.00",,,
br,neoprene 2mm,,,,,,40,0,0.10,1.00,,,,"0.19,0.19,0.19,0.26,0.15,0.11,0.11,0.07,0.07,0.07,0.07,0.19",,,
br,neoprene 3mm,,,,,,110,19,0.18,1.00,188,"Informational, Commercial","Related Searches, Image Pack, Site Links, Video, Image, People Also Ask, Popular Products","0.64,0.82,0.52,0.64,0.52,0.52,0.52,0.64,0.52,0.64,0.82,1.00",20,,
br,neoprene para natacao,,,,,,,,,,,,,,,,
br,neoprene para surf,,,,,,20,0,0.10,1.00,,,,"0.11,0.11,0.11,0.11,0.11,0.11,0.11,0.11,0.11,0.11,0.11,0.11",,,
br,neoprene sapatilha,,,,,,1300,17,0.05,1.00,202,Commercial,"Site Links, Video, Image, People Also Ask, Related Searches, Image Pack","0.30,0.24,0.34,0.55,0.34,0.44,0.00,0.44,0.55,0.44,0.44,0.44",20,,
br,onde comprar roupa de neoprene,,,,,,0,0,0.00,0.00,,,,"0.00,0.00,0.00,0.00,0.00,0.00,0.00,0.00,0.00,0.00,0.00,0.00",,,
br,roupa de neoprene,,,,,,880,13,0.09,1.00,194,"Informational, Commercial","Video, Video Carousel, Popular Products, Image Pack, Site Links, Image, People Also Ask, Related Searches, Short Videos","0.30,0.41,0.41,0.36,0.41,0.36,0.36,0.30,0.30,0.30,0.36,0.36",20,,
br,roupa de neoprene feminina,,,,,,70,0,0.13,1.00,,,,"0.82,0.41,0.41,0.11,0.41,0.41,0.41,0.41,0.41,0.29,0.29,0.41",,,
br,roupa de neoprene masculina,,,,,,50,0,0.09,0.97,,,,"0.63,0.63,1.00,1.00,0.18,0.18,0.18,0.18,0.18,0.18,0.36,0.45",,,
br,roupa de neoprene para natação,,,,,,260,16,0.11,1.00,308000,Commercial,"Video Carousel, People Also Ask, Popular Products, Related Searches, AI Overview, Image Pack, Site Links, Video","0.29,0.36,0.23,0.36,0.36,0.44,0.36,0.29,0.44,0.29,0.44,0.44",20,,
br,roupa de neoprene preço,,,,,,20,0,0.00,1.00,,,,"0.66,0.66,0.66,0.66,0.66,0.66,0.66,0.66,0.66,0.66,0.66,0.66",,,
br,roupa neoprene,,,,,,1000,12,0.10,1.00,1190000,Commercial,"Video Carousel, People Also Ask, Related Searches, Image Pack, Site Links, Video, Image","0.34,0.44,0.55,0.30,0.30,0.44,0.44,0.30,0.44,0.24,0.34,0.34",20,,
br,roupa para agua fria,,,,,,0,0,0.00,0.00,,,,"0.00,0.00,0.00,0.00,0.00,0.00,0.00,0.00,0.00,0.00,0.00,0.00",,,
br,roupa para esportes aquaticos,,,,,,,,,,,,,,,,
br,roupa termica para agua,,,,,,20,0,0.07,0.65,,,,"0.66,1.00,1.00,0.66,0.66,0.66,0.66,0.66,0.66,0.66,0.66,0.66",,,
br,roupa termica para mar,,,,,,,,,,,,,,,,
br,roupa termica surf,,,,,,50,0,0.08,1.00,,,,"0.41,0.52,0.52,0.41,0.29,0.29,0.29,0.29,0.11,0.11,0.11,0.11",,,
br,roupas de neoprene,,,,,,170,10,0.09,1.00,194,Commercial,"Image Pack, Site Links, Video, People Also Ask, Popular Products, Related Searches","0.59,0.48,0.21,0.02,0.03,0.03,0.01,0.39,0.32,0.03,0.17,0.05",20,,
br,roupas em neoprene,,,,,,720,10,0.10,1.00,184,"Informational, Commercial","Popular Products, Related Searches, Site Links, Video, People Also Ask","0.00,0.62,0.81,0.81,0.36,0.81,0.36,0.13,0.24,0.00,0.55,0.55",20,,
br,sapatilha antiderrapante,,,,,,720,14,0.06,1.00,178,Informational,"Short Videos, Image Pack, Site Links, Video, Video Carousel, People Also Ask, Popular Products, Related Searches","0.55,0.55,0.55,0.55,0.45,0.45,0.45,0.36,0.55,0.36,0.45,0.55",20,,
br,sapatilha antiderrapante para praia,,,,,,0,0,0.00,0.00,,,,"0.00,0.00,0.00,0.00,0.00,0.00,0.00,0.00,0.00,0.00,0.00,0.00",,,
br,sapatilha aquatica,,,,,,12100,20,0.04,1.00,186,Commercial,"People Also Ask, Related Searches, Short Videos, AI Overview, Image Pack, Site Links, Reviews, Video","0.44,0.44,0.44,0.44,0.54,0.54,0.54,0.81,1.00,0.66,0.66,0.81",20,,
br,sapatilha aquatica adulto,,,,,,10,0,0.04,1.00,,,,"0.14,0.00,0.14,0.14,0.07,0.00,0.00,0.00,0.14,0.14,0.14,0.14",,,
br,sapatilha aquatica antiderrapante,,,,,,110,22,0.04,1.00,193,Commercial,"Popular Products, Related Searches, Short Videos, Site Links, Video, Video Carousel, People Also Ask","0.28,0.17,0.23,0.23,0.17,0.23,0.23,0.43,0.35,0.35,0.35,0.35",20,,
br,sapatilha aquatica feminina,,,,,,1600,25,0.03,1.00,21300,Commercial,"Image Pack, Site Links, Video, Video Carousel, People Also Ask, Related Searches","0.44,0.44,0.55,0.55,0.55,0.55,0.55,0.55,0.82,0.65,0.55,0.65",20,,
br,sapatilha aquatica masculina,,,,,,590,22,0.04,1.00,243,"Informational, Commercial","People Also Ask, Popular Products, Related Searches, Image Pack, Site Links, Video, Video Carousel","0.26,0.48,0.48,0.59,0.59,0.48,0.72,0.88,1.00,0.59,0.72,0.72",20,,
br,sapatilha aquática,,,,,,3600,23,0.04,1.00,223,Commercial,"Related Searches, Image Pack, Site Links, Video, Image, Video Carousel, People Also Ask, Popular Products","0.19,0.16,0.10,0.05,0.16,0.13,0.13,0.19,0.24,0.10,0.19,0.08",20,,
br,sapatilha beach tennis,,,,,,1600,14,0.05,1.00,473000,Commercial,"Image Pack, Site Links, Video, Video Carousel, People Also Ask, Popular Products, Related Searches, Short Videos","0.36,0.36,0.24,0.19,0.08,0.08,0.08,0.07,0.07,0.05,0.08,0.10",20,,
br,sapatilha de mergulho,,,,,,260,20,0.05,1.00,240,"Informational, Commercial","Popular Products, Image Pack, Image, Video Carousel, Related Searches, Short Videos, Site Links, Video, People Also Ask","0.21,0.21,0.26,0.26,0.32,0.26,0.32,0.32,0.48,0.26,0.26,0.32",20,,
br,sapatilha de neoprene,,,,,,590,23,0.04,1.00,527000,"Informational, Commercial","Video, Image, People Also Ask, Popular Products, Related Searches, Short Videos, Image Pack, Site Links","0.31,0.31,0.31,0.25,0.20,0.20,0.31,0.25,0.31,0.25,0.16,0.25",20,,
br,sapatilha de praia,,,,,,590,23,0.03,1.00,194,"Informational, Commercial","Popular Products, Related Searches, Image Pack, Site Links, Video, Image, Video Carousel, People Also Ask","0.30,0.24,0.36,0.30,0.36,0.36,0.45,0.62,0.81,0.36,0.36,0.36",20,,
br,sapatilha de surf,,,,,,0,0,0.04,1.00,,,,"0.00,0.00,0.00,0.00,0.00,0.00,0.00,0.00,0.00,0.00,0.00,0.00",,,
br,sapatilha em neoprene,,,,,,1300,17,0.05,1.00,700000,Commercial,"Image Pack, Site Links, Video, Image, Video Carousel, People Also Ask, Related Searches","0.44,0.36,0.36,0.36,0.36,0.44,0.00,0.36,0.44,0.36,0.36,0.36",20,,
br,sapatilha esportiva,,,,,,390,16,0.09,1.00,195,"Informational, Commercial","Related Searches, Image Pack, Site Links, Video, Image, Popular Products","0.81,0.66,0.54,0.54,0.54,0.54,0.81,0.44,0.54,0.54,1.00,1.00",20,,
br,sapatilha natacao,,,,,,20,0,0.04,1.00,,,,"0.60,0.80,0.20,0.40,0.60,0.40,0.40,0.40,0.80,0.20,0.20,0.20",,,
br,sapatilha nautica,,,,,,2400,23,0.04,1.00,194,"Informational, Transactional","Site Links, Video, People Also Ask, Popular Products, Image Pack, Image, Video Carousel, Related Searches, Short Videos","0.52,0.44,0.52,0.44,0.52,0.66,0.66,0.66,0.80,0.52,0.52,0.66",20,,
br,sapatilha nautica feminina,,,,,,590,24,0.03,1.00,210,"Informational, Commercial","Site Links, Video, Image, Video Carousel, People Also Ask, Popular Products, Related Searches, Image Pack","0.59,0.39,0.59,0.48,0.48,0.59,0.39,0.48,0.88,0.59,0.48,0.59",20,,
br,sapatilha nautica masculina,,,,,,590,24,0.04,1.00,229,"Informational, Commercial","Popular Products, Related Searches, Image Pack, Site Links, Video, People Also Ask","0.48,0.39,0.48,0.48,0.59,0.72,0.72,0.72,1.00,0.59,0.59,0.72",20,,
br,sapatilha neoprene,,,,,,1600,29,0.05,1.00,480000,"Informational, Commercial","Related Searches, Image Pack, Site Links, Video, Image, People Also Ask, Popular Products","0.35,0.35,0.29,0.29,0.24,0.29,0.29,0.16,0.35,0.24,0.24,0.18",20,,
br,sapatilha neoprene cano alto,,,,,,,,,,,,,,,,
br,sapatilha neoprene feminina,,,,,,90,23,0.05,1.00,161000,"Informational, Commercial","Image Pack, Site Links, Video, Image, People Also Ask, Popular Products, Related Searches","0.07,0.11,0.11,0.09,0.07,0.09,0.07,0.07,0.09,0.07,0.09,0.11",20,,
br,sapatilha neoprene masculina,,,,,,20,0,0.03,1.00,,,,"0.05,0.05,0.05,0.05,0.05,0.05,0.05,0.05,0.05,0.05,0.05,0.05",,,
br,sapatilha náutica,,,,,,480,23,0.04,1.00,181,"Informational, Commercial","Video, Video Carousel, Popular Products, Related Searches, Image Pack, Site Links, Image, People Also Ask, Short Videos","0.16,0.13,0.20,0.16,0.16,0.24,0.24,0.30,0.41,0.30,0.24,0.36",20,,
br,sapatilha para agua,,,,,,390,22,0.03,1.00,1030000,"Informational, Commercial","Related Searches, Short Videos, Image Pack, Site Links, Video, People Also Ask, Popular Products","0.24,0.16,0.30,0.20,0.20,0.20,0.24,0.30,0.24,0.20,0.20,0.16",20,,
br,sapatilha para areia,,,,,,210,23,0.06,1.00,245,"Informational, Commercial","Video, Image, Video Carousel, People Also Ask, Popular Products, Related Searches, Image Pack, Site Links","0.54,0.81,0.66,0.43,0.29,0.35,0.29,0.43,0.35,0.29,0.29,0.35",20,,
br,sapatilha para areia quente,,,,,,20,0,0.03,1.00,,,,"0.11,0.11,0.11,0.11,0.11,0.11,0.11,0.11,0.11,0.11,0.11,0.11",,,
br,sapatilha para beach tennis,,,,,,1600,15,0.05,1.00,470000,"Informational, Commercial","Site Links, Video, Video Carousel, People Also Ask, Related Searches, Short Videos, Image Pack","0.65,0.81,0.65,0.36,0.16,0.13,0.16,0.13,0.13,0.13,0.16,0.22",20,,
br,sapatilha para cachoeira,,,,,,590,24,0.03,1.00,150,Commercial,"Site Links, Video, Image, People Also Ask, Popular Products, Related Searches, Image Pack","0.24,0.20,0.20,0.36,0.45,0.24,0.36,0.45,0.67,0.36,0.36,0.45",20,,
br,sapatilha para costao,,,,,,,,,,,,,,,,
br,sapatilha para esportes aquaticos,,,,,,40,0,0.06,1.00,,,,"0.33,0.33,0.33,0.23,0.19,0.23,0.09,0.09,0.09,0.09,0.09,0.09",,,
br,sapatilha para futevolei,,,,,,10,0,0.04,1.00,,,,"1.00,0.00,0.00,0.00,0.00,0.00,0.00,1.00,1.00,1.00,1.00,1.00",,,
br,sapatilha para hidroginastica,,,,,,90,21,0.03,1.00,8930,Informational,"Related Searches, Short Videos, Image Pack, Site Links, Video, Image, Video Carousel, People Also Ask","0.29,0.06,0.05,0.05,0.05,0.05,0.04,0.44,0.04,0.01,0.01,0.01",20,,
br,sapatilha para kitesurf,,,,,,,,,,,,,,,,
br,sapatilha para mar,,,,,,140,23,0.04,1.00,195,Commercial,"Video, Video Carousel, People Also Ask, Popular Products, Related Searches, Short Videos, Site Links","0.34,0.34,0.53,0.43,0.43,0.43,0.43,0.65,0.81,0.43,0.34,0.34",20,,
br,sapatilha para natacao,,,,,,20,0,0.04,1.00,,,,"0.17,0.23,0.05,0.11,0.17,0.11,0.11,0.11,0.23,0.05,0.05,0.05",,,
br,sapatilha para o mar,,,,,,20,0,0.05,1.00,,,,"0.14,0.14,0.14,0.14,0.14,0.14,0.14,0.14,0.14,0.14,0.14,0.14",,,
br,sapatilha para pedra,,,,,,0,0,0.04,1.00,,,,"0.00,0.00,0.00,0.00,0.00,0.00,0.00,0.00,0.00,0.00,0.00,1.00",,,
br,sapatilha para pedras,,,,,,20,0,0.04,1.00,,,,"0.22,0.22,0.22,0.22,0.22,0.22,0.22,0.22,0.22,0.22,0.22,0.22",,,
br,sapatilha para piscina,,,,,,390,24,0.04,1.00,721000,"Informational, Commercial","Popular Products, Related Searches, Short Videos, Image Pack, Site Links, Video, Image, People Also Ask","0.24,0.13,0.20,0.20,0.24,0.24,0.20,0.30,0.30,0.16,0.16,0.20",20,,
br,sapatilha para praia,,,,,,1600,25,0.03,1.00,208,Commercial,"People Also Ask, Related Searches, Image Pack, Site Links, Video, Image","0.22,0.20,0.29,0.29,0.29,0.29,0.29,0.43,0.43,0.29,0.20,0.22",20,,
br,sapatilha para rio,,,,,,20,0,0.03,1.00,,,,"0.14,0.14,0.14,0.14,0.14,0.14,0.14,0.14,0.14,0.14,0.14,0.14",,,
br,sapatilha para stand up paddle,,,,,,,,,,,,,,,,
br,sapatilha para surf,,,,,,20,0,0.07,1.00,,,,"0.07,0.07,0.07,0.07,0.07,0.07,0.07,0.07,0.07,0.07,0.07,0.07",,,
br,sapatilha praia,,,,,,390,23,0.04,1.00,215,Informational,"Video Carousel, People Also Ask, Popular Products, Related Searches, Image Pack, Site Links, Reviews, Video","0.20,0.20,0.30,0.30,0.30,0.36,0.36,0.45,0.55,0.24,0.30,0.20",20,,
br,sapatilha surf,,,,,,20,0,0.07,1.00,,,,"0.05,0.05,0.05,0.05,0.05,0.05,0.05,0.05,0.05,0.05,0.05,0.05",,,
br,sapatilha use zero hora,,,,,,,,,,,,,,,,
br,sapatilhas aquaticas,,,,,,480,22,0.03,1.00,192,Informational,"Image Pack, Site Links, Video, Image, Video Carousel, People Also Ask, Popular Products, Related Searches","0.24,0.16,0.24,0.24,0.24,0.24,0.24,0.24,0.45,0.36,0.30,0.36",20,,
br,sapatilhas para praia,,,,,,1000,28,0.03,1.00,2510000,"Informational, Commercial","Video, Image, People Also Ask, Related Searches, Video Carousel, Popular Products, Short Videos, Image Pack, Site Links","0.13,0.20,0.34,0.20,0.16,0.24,0.34,0.34,0.44,0.24,0.16,0.24",20,,
br,sapato aquatico,,,,,,720,25,0.04,1.00,212,"Informational, Commercial","Image, Video Carousel, Related Searches, Short Videos, Image Pack, Site Links, Video, People Also Ask, Popular Products","0.67,0.36,0.45,0.67,0.45,0.45,0.67,0.55,0.55,0.67,0.45,0.45",20,,
br,sapato de praia,,,,,,480,25,0.04,0.99,220,"Informational, Commercial","Video Carousel, People Also Ask, Popular Products, Related Searches, Image Pack, Site Links, Video, Image","0.39,0.32,0.39,0.48,0.39,0.48,0.48,0.59,0.88,0.39,0.32,0.32",20,,
br,segunda pele neoprene,,,,,,20,0,0.05,1.00,,,,"0.18,0.18,0.18,0.18,0.18,0.18,0.18,0.18,0.18,0.18,0.18,0.18",,,
br,segunda pele para agua,,,,,,,,,,,,,,,,
br,segunda pele para surf,,,,,,0,0,0.00,0.00,,,,"0.00,0.00,0.00,0.00,0.00,0.00,0.00,0.00,0.00,0.00,0.00,0.00",,,
br,short de neoprene,,,,,,20,0,0.09,1.00,,,,"0.18,0.18,0.18,0.27,0.18,0.18,0.18,0.18,0.18,0.18,0.18,0.18",,,
br,shorts de neoprene,,,,,,0,0,0.09,1.00,,,,"0.00,0.00,0.00,0.00,0.00,0.00,0.00,0.00,0.00,0.00,0.00,0.00",,,
br,shorts neoprene,,,,,,10,0,0.10,1.00,,,,"0.00,0.00,0.11,0.00,0.00,0.00,0.00,0.00,0.19,0.03,0.00,0.00",,,
br,tenis aquatico,,,,,,720,24,0.06,1.00,227,"Informational, Commercial","Video Carousel, Popular Products, Image Pack, Site Links, Reviews, People Also Ask, Related Searches, Short Videos, Video","0.37,0.31,0.31,0.37,0.31,0.31,0.37,0.37,0.52,0.31,0.37,0.46",20,,
br,tenis para agua,,,,,,260,24,0.07,1.00,241,"Informational, Commercial","People Also Ask, Popular Products, Related Searches, Short Videos, Image Pack, Site Links, Video, Video Carousel","0.29,0.23,0.23,0.23,0.29,0.29,0.23,0.23,0.36,0.19,0.29,0.29",20,,
br,top de neoprene,,,,,,20,0,0.00,1.00,,,,"0.66,0.66,0.66,0.66,0.66,0.66,0.66,0.66,0.66,0.66,0.66,0.66",,,
br,top neoprene,,,,,,20,0,0.12,0.99,,,,"0.50,0.50,0.50,0.50,0.50,0.50,0.50,0.50,0.50,0.50,0.50,0.50",,,
br,use zero hora,,,,,,50,0,0.00,0.01,,,,"0.00,0.00,0.18,0.18,0.63,0.36,0.18,0.18,1.00,1.00,1.00,1.00",,,
br,use zero hora neoprene,,,,,,,,,,,,,,,,
br,usezerohora,,,,,,0,0,0.00,0.00,,,,"0.00,0.00,0.00",,,
br,zero hora surf,,,,,,20,0,0.00,0.33,,,,"0.14,0.14,0.14,0.14,0.14,0.14,0.14,0.14,0.14,0.14,0.14,0.14",,,
br,roupa de natação masculino,roupa de natação masculina,,,,,320,5,0.08,1.00,1630000,"Informational, Commercial","Popular Products, Related Searches, Image Pack, Site Links, Video, Image","0.48,0.48,0.21,0.11,0.11,0.17,0.14,0.21,0.72,0.39,0.59,0.48",20,,
br,roupas de natação masculina,roupa de natação masculina,,,,,70,0,0.07,1.00,,,,"0.63,0.45,0.45,0.63,1.00,0.45,0.45,0.63,0.63,0.45,0.45,0.63",,,
br,roupa de borracha para natação masculino,roupa de natação masculina,,,,,40,0,0.07,1.00,,,,"0.14,0.14,0.14,1.00,0.78,0.14,0.14,0.14,0.00,0.14,0.14,0.14",,,
br,roupa de natação masculina adulto,roupa de natação masculina,,,,,30,0,0.07,1.00,,,,"0.18,0.18,0.18,0.18,0.18,0.18,0.18,0.18,0.00,0.18,0.18,1.00",,,
br,roupa de natação masculina neoprene,roupa de natação masculina,,,,,20,0,0.08,1.00,,,,"0.75,0.50,0.50,0.50,0.50,0.50,0.50,0.50,0.50,0.50,0.50,0.50",,,
br,roupa de natação masculina profissional,roupa de natação masculina,,,,,20,0,0.05,1.00,,,,"0.50,1.00,1.00",,,
br,roupa para aula de natação masculino,roupa de natação masculina,,,,,20,0,0.07,1.00,,,,"0.18,0.18,0.18,0.18,0.18,0.18,0.18,0.18,0.18,0.00,0.18,0.18",,,
br,roupa masculina de natação,roupa de natação masculina,,,,,10,0,0.07,0.94,,,,"1.00,1.00,0.00,0.00,0.00,0.00,0.00,1.00,0.00,0.00,1.00,1.00",,,
